prefer,Kor,Eng,label
기상관련 데이터 경험 머신러닝 관련 모델링 도구 경험자 Tensorflow PyTorch 등 데이터 분석 경험자 R Tableau 등,"기상, 관련, 데이터, 경험, 머신, 러닝, 관련, 모델링, 도구, 경험, 등, 데이터, 분석, 경험, 등","tensorflow, pytorch, r, tableau",데이터 사이언티스트
블록체인 및 암호화폐 관련 기업 근무 경력 빅데이터 관련 기업 근무 경력 관련 대회 입상 수상 경력 통계분석 머신러닝 등 관련 분야 석 박사 학위 소지자 상위 수준의 영어 의사소통 및 문서 작성 능력,"블록, 체인, 및, 암호, 화폐, 관련, 기업, 근무, 경력, 빅데이터, 관련, 기업, 근무, 경력, 관련, 대회, 입상, 수상, 경력, 통계, 분석, 머신, 러닝, 등, 관련, 분야, 석, 박사, 학위, 소지, 상위, 수준, 영어, 의사소통, 및, 문서, 작성, 능력",,데이터 사이언티스트
블록체인 및 암호화폐 관련 기업 근무 경력 빅데이터 관련 기업 근무 경력 관련 대회 입상 수상 경력 통계분석 머신러닝 등 관련 분야 석 박사 학위 소지자 상위 수준의 영어 의사소통 및 문서 작성 능력,"블록, 체인, 및, 암호, 화폐, 관련, 기업, 근무, 경력, 빅데이터, 관련, 기업, 근무, 경력, 관련, 대회, 입상, 수상, 경력, 통계, 분석, 머신, 러닝, 등, 관련, 분야, 석, 박사, 학위, 소지, 상위, 수준, 영어, 의사소통, 및, 문서, 작성, 능력",,데이터 사이언티스트
관련학과 수학 통계 전산 데이터 분석 전공자 우대 ML 관련 서비스 개발 및 운영 경험자 우대 Agile 업무 환경 Scrum Sprint Squad 등 경험자 우대,"관련, 학과, 수학, 통계, 전산, 데이터, 분석, 전공자, 우대, 관련, 서비스, 개발, 및, 운영, 경험, 우대, 업무, 환경, 등, 경험, 우대","ml, agile, scrum, sprint, squad",데이터 사이언티스트
데이터 시각화 도구 Tableau 등 사용이 가능하신 분 ML 프레임워크 Pytorch Tensorflow Keras 등 활용이 가능하신 분 AWS GCP 등 클라우드 사용 경험,"데이터, 시각, 도구, 등, 사용, 분, 프레임워크, 등, 활용, 분, 등, 클라우드, 사용, 경험","tableau, ml, pytorch, tensorflow, keras, aws, gcp",데이터 사이언티스트
관련 분야 석사 박사 학위 소지하신 분 인공지능 컴퓨터공학 통계 데이터분석 등 Data centric AI에 대한 이해도가 높고 관련 개발경험이 있으신 분 자율주행 데이터셋 생성 활용 경험이 있으신 분 이미지 라이다 레이더 등등 2D 3D 데이터셋 경험 Linux 기반 개발 경험이 있으신 분,"관련, 분야, 석사, 박사, 학위, 소지, 분, 인공, 지능, 컴퓨터공학, 통계, 데이터, 분석, 등, 대한, 이해도, 관련, 개발, 경험, 분, 자율, 주행, 데이터, 셋, 생, 활용, 경험, 분, 이미지, 라이, 레이더, 등등, 데이터, 셋, 경험, 기반, 개발, 경험, 분","data, centric, ai, d, d, linux",데이터 사이언티스트
이런 경험이 있으신 분이면 더 좋아요 우대 사항 Data Science 관련 전공 통계학과 수학과 컴퓨터과학 등 석사 이상의 학력을 보유하신 분 B2C 비즈니스에서 머신러닝 모델링 경험이 있으신 분 결과와 과정에 대해 논리적으로 설명할 수 있으신 분 대용량 데이터 처리 분석 Spark 경험이 있으신 분 빠르게 실험하고 반복적인 피드백으로 모델을 개선해 나가시는 분 영어권 국가에서 학위를 취득하셨거나 혹은 영어로 업무가 가능하신 분 데이터 사이언티스트 기술 스택 데이터 처리 분석 라이브러리는 NumPy Pandas Spark 를 사용하고 있습니다 ML DL 라이브러리는 Scikit Learn Pytorch Tensorflow를 사용하고 있습니다 클라우드 컴퓨팅 서비스로 AWS를 사용하고 있습니다,"경험, 더, 우대, 사항, 관련, 전공, 통계학, 수학과, 컴퓨터과학, 등, 석사, 이상, 학력, 보유, 분, 비즈니스, 머신, 러닝, 모델링, 경험, 분, 결과, 과정, 대해, 논리, 설명, 수, 분, 용량, 데이터, 처리, 분석, 경험, 분, 실험, 반복, 피드백, 모델, 개선, 나가시, 분, 영어권, 국가, 학위, 취득, 영어, 업무, 분, 데이터, 티스, 트, 기술, 스택, 데이터, 처리, 분석, 라이브러리, 를, 사용, 라이브러리, 를, 사용, 클라우드, 컴퓨팅, 서비스, 를, 사용","data, science, b, c, spark, numpy, pandas, spark, ml, dl, scikit, learn, pytorch, tensorflow, aws",데이터 사이언티스트
1 데이터 분석 모델링을 실제 서비스에 적용 개선한 경험이 있는 분2 스스로 문제를 정의하고 가설적 구조적 사고 기반의 문제 해결 역량이 뛰어나신 분3 건강 관리 분야에 관심이 많으신 분,"데이터, 분석, 모델링, 실제, 서비스, 적용, 개선, 경험, 분, 스스로, 문제, 정의, 가설, 구조, 사고, 기반, 문제, 해결, 역량, 분, 건강, 관리, 분야, 관심, 분",,데이터 사이언티스트
데이터 사이언스 데이터 마이닝 통계학 등 관련 석사 이상 학위 금융 결제 마케팅 관련 정형 데이터 분야에서의 머신러닝 통계모델링 경험 예측 모형의 결과가 실제 온라인 서비스에 반영되고 A B테스트 수행하고 비즈니스 관점에서도 유의미한 결과를 만들어낸 경험을 가지고 계신 분 모바일 서비스 고객 데이터 관련 분석 기법 Customer Lifetime Value Retention Cohort Analysis Churn prediction 등 에 대한 이해 주도적으로 이슈나 개선점을 찾아내고 새로운 지식을 빠르게 학습하면서 열정적으로 문제를 해결하려는 분 팀원들과 서로 아이디어를 공유하고 논의할 수 있고 유관 부서와 적극적으로 커뮤니케이션 가능하신 분,"데이터, 사이언스, 데이터, 마, 이닝, 통계학, 등, 관련, 석사, 이상, 학위, 금융, 결제, 마케팅, 관련, 정형, 데이터, 분야, 머신, 러닝, 통계, 모델링, 경험, 예측, 모형, 결과, 실제, 온라인, 서비스, 반영, 테스트, 수행, 비즈니스, 관점, 유, 의미, 결과, 경험, 가지, 분, 모바일, 서비스, 고객, 데이터, 관련, 분석, 기법, 등, 대한, 이해, 주도, 이슈, 개선, 점, 지식, 학습, 열정, 문제, 해결, 분, 팀원, 서로, 아이디어, 공유, 논의, 수, 유관, 부서, 적극, 커뮤니케이션, 분","a, b, customer, lifetime, value, retention, cohort, analysis, churn, prediction",데이터 사이언티스트
임상 통계관련 논문 보유자 인공지능 및 머신러닝에 대한 이해도가 깊으신 분 임상시험 진행을 위한 통계 분석 업무 경험 보유자회사위치서울 서초구 효령로77길 28 7층,"임, 통계, 관련, 논문, 보유, 인공, 지능, 및, 머신, 러닝, 대한, 이해도, 분, 임상시험, 진행, 위, 통계, 분석, 업무, 경험, 보유, 자회사, 위치, 서울, 서초구, 효령로, 길, 층",,데이터 사이언티스트
전자전기 및 에너지 도메인에 대한 이해도가 높고 경험이 있으신 분 머신러닝 데이터마이닝 통계 등 관련 분야의 석 박사 학위 관련 분야 논문 등재 AI 모델 개발 후 서비스 배포 등 상용 서비스 구현 경험 사용하는 기술의 원리를 깊게 파악하고 실무에 적용해보신 분 원활한 영어 의사소통 가능자,"전자, 전기, 및, 에너지, 도메인, 대한, 이해도, 경험, 분, 머신, 러닝, 데이터마이닝, 통계, 등, 관련, 분야, 석, 박사, 학위, 관련, 분야, 논문, 등재, 모델, 개발, 후, 서비스, 배포, 등, 상용, 서비스, 구현, 경험, 사용, 기술, 원리, 파악, 실무, 적용, 분, 영어, 의사소통, 가능",ai,데이터 사이언티스트
Deep Learning 프로젝트 수행 가능자 석 박사 학위자 관련 전공 졸업 통계학 산업공학 경영정보학 컴퓨터공학 경영학 경제학 등 데이터 분석 프로젝트 2년 이상 유경험자 딥러닝 프레임워크를 사용한 딥러닝 분석 수행 가능자 Linux shell script 및 프로그래밍 언어 java python 등 를 이용하여 분석을 위한 data manipulation 및 algorithms customizing 가능자 Data Visualization Tool tableau spotfire d3 js 등 활용 능력,"프로젝트, 수행, 가능, 석, 박사, 학위, 관련, 전공, 졸업, 통계학, 산업, 공학, 경영정보학, 컴퓨터공학, 경영학, 경제학, 등, 데이터, 분석, 프로젝트, 이상, 유, 경험, 딥, 러닝, 프레임워크, 사용, 딥, 러닝, 분석, 수행, 가능, 및, 프로그래밍, 언어, 등, 를, 이용, 분석, 위, 및, 가능, 등, 활용, 능력","deep, learning, linux, shell, script, java, python, data, manipulation, algorithms, customizing, data, visualization, tool, tableau, spotfire, d, js",데이터 사이언티스트
기술 트렌드에 관심이 있고 지속적으로 학습하는 분 새로운 도메인 지식을 배우려는 의지가 있는 분 End to end로 데이터 프로덕트를 만들고 싶은 분,"기술, 트렌드, 관심, 지속, 학습, 분, 도메인, 지식, 의지, 분, 로, 데이터, 프로덕트, 분","end, to, end",데이터 사이언티스트
전자전기 및 에너지 도메인에 대한 이해도가 높고 경험이 있으신 분 머신러닝 데이터마이닝 통계 등 관련 분야의 석 박사 학위 관련 분야 논문 등재 AI 모델 개발 후 서비스 배포 등 상용 서비스 구현 경험 사용하는 기술의 원리를 깊게 파악하고 실무에 적용해보신 분 원활한 영어 의사소통 가능자,"전자, 전기, 및, 에너지, 도메인, 대한, 이해도, 경험, 분, 머신, 러닝, 데이터마이닝, 통계, 등, 관련, 분야, 석, 박사, 학위, 관련, 분야, 논문, 등재, 모델, 개발, 후, 서비스, 배포, 등, 상용, 서비스, 구현, 경험, 사용, 기술, 원리, 파악, 실무, 적용, 분, 영어, 의사소통, 가능",ai,데이터 사이언티스트
이커머스 관련 분야 업무 경험이 있으신 분 마케팅 솔루션 마케팅 분야 업무 경험이 있으신 분 AWS GCP 등의 클라우드 서비스 사용 경험이 있으신 분 TensorFlow Keras Pytorch 등 Deep Learning Framework 사용 경험이 있으신 분 Spark 또는 Ray를 활용한 분산 병렬 처리 프레임워크 경험이 있으신 분 Kaggle 대회 입상자,"이커머스, 관련, 분야, 업무, 경험, 분, 마케팅, 솔루션, 마케팅, 분야, 업무, 경험, 분, 등, 클라우드, 서비스, 사용, 경험, 분, 등, 사용, 경험, 분, 를, 활용, 분산, 병렬, 처리, 프레임워크, 경험, 분, 대회, 입상","aws, gcp, tensorflow, keras, pytorch, deep, learning, framework, spark, ray, kaggle",데이터 사이언티스트
통계학 수학 전공자 우대 보다 뛰어난 예측 모델을 개발하기 위한 연구에 관심있는 분 안전 운전과 교통 환경에 대한 관심이 높은 분 데이터사이언스팀 리딩 경험,"통계학, 수학, 전공자, 우대, 예측, 모델, 개발, 위, 연구, 관심, 분, 안전, 운전, 교통, 환경, 대한, 관심, 분, 데이터, 스팀, 리딩, 경험",,데이터 사이언티스트
AWS GCP 등의 클라우드 서비스를 경험해보신 분 텍스트 기반 컨텐츠 관련 ML 프로젝트를 진행하신 분 PM 엔지니어등 비연구원과의 소통에 강점이 있으신 분 Kubernetes Airflow 에 익숙하신 분,"등, 클라우드, 서비스, 경험, 분, 텍스트, 기반, 컨텐츠, 관련, 프로젝트, 진행, 분, 엔지니어, 등, 비연, 구원, 소통, 강점, 분, 분","aws, gcp, ml, pm, kubernetes, airflow",데이터 사이언티스트
PhD degree in a quantitative discipline Ability to manage multiple projects at the same time while paying attention to detail and translate analysis results into business recommendations Proven ability to own projects end to end even when you have to get creative you do more than completing delegated tasks Demonstrated leadership and self direction Willingness to both teach others and learn new techniques,,"phd, degree, in, a, quantitative, discipline, ability, to, manage, multiple, projects, at, the, same, time, while, paying, attention, to, detail, and, translate, analysis, results, into, business, recommendations, proven, ability, to, own, projects, end, to, end, even, when, you, have, to, get, creative, you, do, more, than, completing, delegated, tasks, demonstrated, leadership, and, self, direction, willingness, to, both, teach, others, and, learn, new, techniques",데이터 사이언티스트
기상관련 데이터 경험 머신러닝 관련 모델링 도구 경험자 Tensorflow PyTorch 등 데이터 분석 경험자 R Tableau 등,"기상, 관련, 데이터, 경험, 머신, 러닝, 관련, 모델링, 도구, 경험, 등, 데이터, 분석, 경험, 등","tensorflow, pytorch, r, tableau",데이터 사이언티스트
통계학 수학 전공자 우대 보다 뛰어난 예측 모델을 개발하기 위한 연구에 관심있는 분 안전 운전과 교통 환경에 대한 관심이 높은 분 데이터사이언스팀 리딩 경험,"통계학, 수학, 전공자, 우대, 예측, 모델, 개발, 위, 연구, 관심, 분, 안전, 운전, 교통, 환경, 대한, 관심, 분, 데이터, 스팀, 리딩, 경험",,데이터 사이언티스트
3년 이상 대규모 시스템 경험이 있으신 분 뛰어난 의사소통 능력 구두 서면 을 보유하신 분 팀을 성공적으로 이끌어본 경험이 있으신 분,"이상, 대규모, 시스템, 경험, 분, 의사소통, 능력, 구두, 서면, 보유, 분, 팀, 성공, 경험, 분",,데이터 사이언티스트
통계 분석과 ML 알고리즘 지식과 실무 경험이 있으신 분 A B 테스트 계획과 결과 분석 및 의견 제시 경험이 있으신 분,"통계, 분석, 알고리즘, 지식, 실무, 경험, 분, 테스트, 계획, 결과, 분석, 및, 의견, 제시, 경험, 분","ml, a, b",데이터 사이언티스트
이커머스 관련 분야 업무 경험이 있으신 분 마케팅 솔루션 마케팅 분야 업무 경험이 있으신 분 AWS GCP 등의 클라우드 서비스 사용 경험이 있으신 분 TensorFlow Keras Pytorch 등 Deep Learning Framework 사용 경험이 있으신 분 Spark 또는 Ray를 활용한 분산 병렬 처리 프레임워크 경험이 있으신 분 Kaggle 대회 입상자,"이커머스, 관련, 분야, 업무, 경험, 분, 마케팅, 솔루션, 마케팅, 분야, 업무, 경험, 분, 등, 클라우드, 서비스, 사용, 경험, 분, 등, 사용, 경험, 분, 를, 활용, 분산, 병렬, 처리, 프레임워크, 경험, 분, 대회, 입상","aws, gcp, tensorflow, keras, pytorch, deep, learning, framework, spark, ray, kaggle",데이터 사이언티스트
비정형 데이터를 다양한 기술을 활용해서 유의미한 정보로 만들 수 있는 분 정말 큰 양의 데이터를 Airflow나 DBT와 같은 도구를 활용해 효율적으로 분석에 활용할 수 있는 분 코드를 통해 사람들이 사용할만한 가치있는 것을 만들어본 경험이 있으신 분 프로덕트를 만드는 과정에 직접적으로 참여해서 어떻게 프로덕트를 만들어가는지 잘 이해하시는 분,"비정, 데이터, 기술, 활용, 유, 의미, 정보, 수, 분, 정말, 양, 데이터, 나, 도구, 활용, 효율, 분석, 활용, 수, 분, 코드, 통해, 사람, 사용, 가치, 것, 경험, 분, 프로덕트, 과정, 직접, 참여, 프로덕트, 이해, 분","airflow, dbt",데이터 사이언티스트
컴퓨터과학 통계학 수학 빅데이터 등 관련 전공자 학사 또는 석사 오픈 소스 분석 및 개발 경험이 있으신 분 데이터 가공 분석 모델링 전체 프로세스 경험이 있는 분 이미지 처리 또는 자연어 처리 프로젝트 경험이 있는 분,"컴퓨터과학, 통계학, 수학, 빅데이터, 등, 관련, 전공자, 학사, 석사, 오픈, 소스, 분석, 및, 개발, 경험, 분, 데이터, 가공, 분석, 모델링, 전체, 프로세스, 경험, 분, 이미지, 처리, 자연어, 처리, 프로젝트, 경험, 분",,데이터 사이언티스트
BI Tool을 사용해 인사이트 도출해 본 경험이 있는 분 통계학 컴퓨터 공학 등 관련 전공 졸업자 로그 수준의 데이터 가공부터 분석 모델링까지의 전체 데이터 분석 프로세스를 경험하신 분 자기주도적으로 일을 하시는 분 새로운 기술이나 업무에 대한 도전정신이 강하신 분 분석을 통해 도출된 의견을 논리적이고 체계적으로 제시할 수 있는 분 다양한 유관부서의 실무자 및 경영진과 커뮤니케이션 할 수 있는 분 어떤 일이라도 중요하게 여기며 책임감 있게 진행할 수 있으신 분,"사용, 인사이트, 도출, 경험, 분, 통계학, 컴퓨터, 공학, 등, 관련, 전공, 졸업, 로그, 수준, 데이터, 가공, 분석, 모델링, 전체, 데이터, 분석, 프로세스, 경험, 분, 자기, 주도, 일, 분, 기술, 업무, 대한, 도전, 정신, 분, 분석, 통해, 도출, 의견, 논리, 체계, 제시, 수, 분, 유관, 부서, 실무, 및, 경영, 진과, 커뮤니케이션, 수, 분, 일이, 여기, 책임감, 진행, 수, 분","bi, tool",데이터 사이언티스트
Server 혹은 Client side에 ML model을 적용해본 경험이 있으신 분 ML팀이나 프로젝트를 리딩하셨던 경험이 있으신 분 대용량 데이터 가공 처리 경험이 있으신 분,"적용, 경험, 분, 팀, 프로젝트, 리딩, 경험, 분, 용량, 데이터, 가공, 처리, 경험, 분","server, client, side, ml, model, ml",데이터 사이언티스트
데이터 분석 솔루션이나 플랫폼 구축 프로젝트 경험이 있는 분 GNN Graph Neural Network 에 관한 경험이 있는 분 데이터 가공 분석 모델링 전체 프로세스 경험이 있는 분 자연어 처리 프로젝트 경험이 있는 분 프로젝트 포트폴리오 Git Blog 첨부 가능한 분,"데이터, 분석, 솔루션, 플랫폼, 구축, 프로젝트, 경험, 분, 관, 경험, 분, 데이터, 가공, 분석, 모델링, 전체, 프로세스, 경험, 분, 자연어, 처리, 프로젝트, 경험, 분, 프로젝트, 포트폴리오, 첨부, 분","gnn, graph, neural, network, git, blog",데이터 사이언티스트
음악산업을 숫자로 이해하려는 의지가 강하신 분 통계 경제학 전공자 학사 또는 석사 API 또는 크롤링을 활용한 다양한 데이터 수집 방법론에 대해 익숙하신 분 Data Lake Mart 구축 및 기초적인 데이터 엔지니어링에 대해 배우려는 의지가 강하신 분 AWS GCP등 클라우드 인프라에 대한 이해와 사용 경험,"음악, 산업, 숫자, 이해, 의지, 분, 통계, 경제학, 전공자, 학사, 석사, 롤링, 활용, 데이터, 수집, 방법론, 대해, 분, 구축, 및, 기초, 데이터, 엔지니어링, 대해, 의지, 분, 등, 클라우드, 인프라, 대한, 이해, 사용, 경험","api, data, lake, mart, aws, gcp",데이터 애널리스트
이런 분이면 더욱 좋아요 논문 및 특허 작성 경험 최신 논문 내용을 구현 가능한 분 최신 시계열 이미지 및 영상 딥러닝 머신러닝 알고리즘 작성자 컴퓨터공학 산업공학 전기전자 관련 학위,"더욱, 논문, 및, 특허, 작성, 경험, 최신, 논문, 내용, 구현, 분, 최신, 시계열, 이미지, 및, 영상, 딥, 러닝, 머신, 러닝, 알고리즘, 작성자, 컴퓨터공학, 산업, 공학, 전기, 전자, 관련, 학위",,데이터 애널리스트
GIS 데이터 활용 경험 저널이나 Top tier 학회 논문 출판,"데이터, 활용, 경험, 널, 학회, 논문, 출판","gis, top, tier",데이터 애널리스트
이런 분이면 더욱 좋아요 논문 및 특허 작성 경험 최신 논문 내용을 구현 가능한 분 최신 시계열 이미지 및 영상 딥러닝 머신러닝 알고리즘 작성자 컴퓨터공학 산업공학 전기전자 관련 학위,"더욱, 논문, 및, 특허, 작성, 경험, 최신, 논문, 내용, 구현, 분, 최신, 시계열, 이미지, 및, 영상, 딥, 러닝, 머신, 러닝, 알고리즘, 작성자, 컴퓨터공학, 산업, 공학, 전기, 전자, 관련, 학위",,데이터 애널리스트
이런 경험이나 성향 역량을 가진 분이라면 더욱 좋을 것 같아요 데이터 레이블링 라벨링 업무 경험자 데이터 검수 경험자 의료 데이터 관련 업무 수행자,"경험, 성향, 역량, 더욱, 것, 데이터, 레이블, 링, 라벨, 링, 업무, 경험, 데이터, 검수, 경험, 의료, 데이터, 관련, 업무, 수행자",,데이터 애널리스트
이런 분이면 더 좋아요 클라우드 환경에서 데이터 분석을 해본 분 AWS GCP 프로덕트 조직에서 A B 테스트 경험이 있는 분 분석툴을 활용한 업무 경험이 있는 분 Amplitude Mixpanel 대시보드 툴을 활용해 본 분 Redash Tableau QuickSight 팀 전체가 데이터를 더 잘 볼 수 방법에 대해 고민하는 분,"더, 클라우드, 환경, 데이터, 분석, 분, 프로, 덕트, 조직, 테스트, 경험, 분, 분석툴, 활용, 업무, 경험, 분, 대시보드, 툴, 활용, 분, 팀, 전체, 데이터, 더, 볼, 수, 방법, 대해, 고민, 분","aws, gcp, a, b, amplitude, mixpanel, redash, tableau, quicksight",데이터 애널리스트
이런 분이면 더욱 좋아요 논문 및 특허 작성 경험 이미지 및 영상 데이터 프로젝트 경험 최신 논문 내용을 구현 가능한 분 최신 시계열 딥러닝 머신러닝 알고리즘 작성자 컴퓨터공학 산업공학 전기전자 관련 학위,"더욱, 논문, 및, 특허, 작성, 경험, 이미지, 및, 영상, 데이터, 프로젝트, 경험, 최신, 논문, 내용, 구현, 분, 최신, 시계열, 딥, 러닝, 머신, 러닝, 알고리즘, 작성자, 컴퓨터공학, 산업, 공학, 전기, 전자, 관련, 학위",,데이터 애널리스트
Product Analysis Business Analysis를 통해 제품의 기능 전략 등에서 임팩트를 만든 경험 Mixpanel Amplitude와 같은 PA툴 활용 경험 데이터 시각화에 대한 전문성과 높은 이해도 및 BI툴 활용 경험 Tableau Redash Superset 인과추론 및 준실험설계 방법론에 대한 이해 A B 테스트 설계 DID RDD 등 AI ML에 대한 대략적인 지식 데이터 엔지니어링에 대한 기초적인 지식 또는 Airflow DAG 작성 경험 병렬 및 분산처리 기반의 라이브러리를 사용한 빅데이터를 분석 경험 AWS 클라우드 환경에서의 업무 경험,"를, 통해, 제품, 기능, 전략, 등, 임팩트, 경험, 툴, 활용, 경험, 데이터, 시각, 대한, 전문성, 이해도, 및, 툴, 활용, 경험, 인과, 추론, 및, 준, 실험설계, 방법론, 대한, 이해, 테스트, 설계, 등, 대한, 대략, 지식, 데이터, 엔지니어링, 대한, 기초, 지식, 작성, 경험, 병렬, 및, 분산, 처리, 기반, 라이브러리, 사용, 빅데이터, 분석, 경험, 클라우드, 환경, 업무, 경험","product, analysis, business, analysis, mixpanel, amplitude, pa, bi, tableau, redash, superset, a, b, did, rdd, ai, ml, airflow, dag, aws",데이터 애널리스트
CS 전공자 또는 그에 상응하는 알고리즘 데이터구조 OS 데이터베이스 등 기본적인 전산 지식에 대한 이해를 갖추신 분 문제해결 능력과 커뮤니케이션이 원활하신 분 투자한 주식이 대주주의 횡포로 인해 손절한 경험이 있으신 분,"전공자, 그, 상응, 알고리즘, 데이터, 구조, 데이터베이스, 등, 기본, 전산, 지식, 대한, 이해, 분, 문제해결, 능력, 커뮤니케이션, 분, 투자, 주식, 대주, 주의, 횡포, 손절, 경험, 분","cs, os",데이터 애널리스트
이런 부분도 갖추시면 너무 훌륭합니다 R 등 데이터 분석 툴 사용 경험자 데이터 시각화 솔루션 사용 경험자,"부분, 등, 데이터, 분석, 툴, 사용, 경험, 데이터, 시각, 솔루션, 사용, 경험",r,데이터 애널리스트
이커머스 프리랜서 HR 도메인의 데이터 분석 경험이 있는 분 Google Analytics Amplitude Braze AppsFlyer 등 사용자 행동 분석 툴 경험이 있는 분 머신러닝 및 딥러닝 알고리즘을 분석에 활용한 경험이 있는 분 AWS 기반 데이터 파이프라인을 이해하고 엔지니어와 원활한 커뮤니케이션이 가능한 분,"이커머스, 프리랜서, 도메인, 데이터, 분석, 경험, 분, 등, 사용자, 행동, 분석, 툴, 경험, 분, 머신, 러닝, 및, 딥, 러닝, 알고리즘, 분석, 활용, 경험, 분, 기반, 데이터, 파이프라인, 이해, 엔지니어, 커뮤니케이션, 분","hr, google, analytics, amplitude, braze, appsflyer, aws",데이터 애널리스트
이공계열 정보처리 분야 석사학위 취득자 또는 석사졸업예정자,"계열, 정보처리, 분야, 석사, 학위, 취득, 졸업, 예정자",,데이터 애널리스트
Python활용 Machine Learning 모형 개발 및 분석 가능하신 분 금융기관 프로젝트 CSS Basel II 등 경험이 있으신 분 새로운 개발기술에 관심이 많고 이를 습득하는데 거부감이 없으신 분,"활용, 모형, 개발, 및, 분석, 분, 금융기관, 프로젝트, 등, 경험, 분, 개발, 기술, 관심, 습득, 거부, 감, 분","python, machine, learning, css, basel, ii",데이터 애널리스트
DM 경력 2년 이상 경력자 DM 업무 능숙자 EDC 개발 및 운영 경험자 주요 EDC Medidata Rave CRScube 등 경험자 제약회사 CRO 의료기관에서 DM 경험자 임상 의학통계 경험자 CRO 제약 임상 교육 이수자 R SAS Python Programming 경험자,"경력, 이상, 경력, 업무, 능, 숙자, 개발, 및, 운영, 경험, 주요, 등, 경험, 제약회사, 의료, 기관, 경험, 임, 의학, 통계, 경험, 제약, 임, 교육, 이수자, 경험","dm, dm, edc, edc, medidata, rave, crscube, cro, dm, cro, r, sas, python, programming",데이터 애널리스트
통계 산업공학 인공지능 관련 분야의 학위 석사 박사 가 있거나 그에 준하는 경험을 가지신 분 금융 리스크 분석 신용 분석 관련된 기반 지식을 가지신 분 소통이 가능할 정도의 영어 실력을 갖추신 분,"통계, 산업, 공학, 인공, 지능, 관련, 분야, 학위, 석사, 박사, 그, 준, 경험, 분, 금융, 리스크, 분석, 신용, 분석, 관련, 기반, 지식, 분, 소통, 정도, 영어, 실력, 분",,데이터 애널리스트
이런 분이면 더욱 좋아요 논문 및 특허 작성 경험 이미지 및 영상 데이터 프로젝트 경험 최신 논문 내용을 구현 가능한 분 최신 시계열 딥러닝 머신러닝 알고리즘 작성자 컴퓨터공학 산업공학 전기전자 관련 학위,"더욱, 논문, 및, 특허, 작성, 경험, 이미지, 및, 영상, 데이터, 프로젝트, 경험, 최신, 논문, 내용, 구현, 분, 최신, 시계열, 딥, 러닝, 머신, 러닝, 알고리즘, 작성자, 컴퓨터공학, 산업, 공학, 전기, 전자, 관련, 학위",,데이터 애널리스트
이런 분이면 더욱 더 좋아요 챗봇 설계 구축 프로젝트 개발 및 수행 유경험자 동종업계 MS AWS Naver 등 다양한 클라우드 플랫폼 관련 유경험자 다양한 ML AI 모델 구축 도구 Tensor Flow PyTorch Keras 등 활용 경험자 관련 전공자 인공지능 컴퓨터공학 정보통신 통계 등 새로운 지식이나 기술을 습득하는 과정을 즐기시는 분,"더욱, 더, 챗봇, 설계, 구축, 프로젝트, 개발, 및, 수행, 유, 경험, 종업, 등, 클라우드, 플랫폼, 관련, 유, 경험, 모델, 구축, 도구, 등, 활용, 경험, 관련, 전공자, 인공, 지능, 컴퓨터공학, 정보, 통신, 통계, 등, 지식, 기술, 습득, 과정, 분","ms, aws, naver, ml, ai, tensor, flow, pytorch, keras",데이터 애널리스트
이런 부분이 있으면 더욱 좋아요 석사 이상 졸업자 전공 무관 프리젠테이션 능력 우수한 분 논리적 사고로 문제 해결 방안을 도출하는 분 AWS Solution Architect Associate 정보처리기사 등 클라우드 및 IT 관련 자격증을 보유한 분 공공 금융 부문 컨설팅 ISP ISMP PI DX 및 SI 프로젝트 경력 보유한 분 SW솔루션 영업 경력 보유한 분,"부분, 더욱, 석사, 이상, 졸업, 전공, 무관, 프리젠테이션, 능력, 분, 논리, 사고, 문제, 해결, 방안, 도출, 분, 정보처리기사, 등, 클라우드, 및, 관련, 자격증, 보유, 분, 공공, 금융, 부문, 컨설팅, 및, 프로젝트, 경력, 보유, 분, 솔루션, 영업, 경력, 보유, 분","aws, solution, architect, associate, it, isp, ismp, pi, dx, si, sw",데이터 애널리스트
이런 점이 있다면 더욱 좋아요 관련 분야 재직 이력 또는 학위 전산 통계 머신러닝 수학 알고리즘 등 가 있으신 분 로그 수준의 데이터를 가공하여 분석 결과까지 도출할 수 있는 전체 분석 프로세스 유경험자,"점, 더욱, 관련, 분야, 재직, 이력, 학위, 전산, 통계, 머신, 러닝, 수학, 알고리즘, 등, 분, 로그, 수준, 데이터, 가공, 분석, 결과, 도출, 수, 전체, 분석, 프로세스, 유, 경험",,데이터 애널리스트
Majored in Statistics Economics and Mathematics are plus Power Query Power BI Python skills are plus,,"majored, in, statistics, economics, and, mathematics, are, plus, power, query, power, bi, python, skills, are, plus",데이터 애널리스트
데이터 통계 분석 관련 전공자 통계 수학 산업공학 컴퓨터공학 등 데이터 및 빅데이터 활용 프로젝트 수행 경험 보유자 분석과제를 수행하고 구체화하여 보고가 가능한 분 분석과제 체계화 및 시각화를 활용한 커뮤니케이션에 능한 분,"데이터, 통계, 분석, 관련, 전공자, 통계, 수학, 산업, 공학, 컴퓨터공학, 등, 데이터, 및, 빅데이터, 활용, 프로젝트, 수행, 경험, 보유, 분석, 과제, 수행, 구체화, 보고, 분, 분석, 과제, 체계, 및, 시각, 활용, 커뮤니케이션, 능, 분",,데이터 애널리스트
데이터 기반의 인사이트를 통해 서비스 지표 상승이나 문제 해결의 경험이 있으신 분평소에 꼼꼼하게 계산하는 것을 좋아하시는 분데이터 기반 인사이트를 누구나 이해할 수 있도록 쉽게 커뮤니케이션 할 수 있으신 분데이터 관련 전공 통계학 컴퓨터공학 산업공학 등 혹은 데이터 관련 교육을 이수하신 분데이터분석준전문가 ADsP 빅데이터 분석기사 등 분석 관련 자격증 보유자마케팅 지표 first open retention conversion rate 에 대한 이해도가 높으신 분,"데이터, 기반, 인사이트, 통해, 서비스, 지표, 상승, 문제, 해결, 경험, 분, 평소, 계산, 것, 분, 데이터, 기반, 인사이트, 누구, 이해, 수, 커뮤니케이션, 수, 분, 데이터, 관련, 전공, 통계학, 컴퓨터공학, 산업, 공학, 등, 데이터, 관련, 교육, 이수, 분, 데이터, 석준, 전문가, 빅데이터, 분석, 기사, 등, 분석, 관련, 자격증, 보유, 마케팅, 지표, 대한, 이해도, 분","adsp, first, open, retention, conversion, rate",데이터 애널리스트
이런 분이면 더 좋습니다 데이터 기반의 인사이트를 통해 서비스 지표 상승이나 문제 해결의 경험이 있으신 분 모바일 서비스 데이터 분석 방법에 대한 이해도가 높으신 분 AARRR Cohort Funnel A B Test 등 자기주도적으로 업무를 수행하시는 분 기획 운영 개발 등 다양한 직군과 원활한 커뮤니케이션 및 협업이 가능하신 분,"더, 데이터, 기반, 인사이트, 통해, 서비스, 지표, 상승, 문제, 해결, 경험, 분, 모바일, 서비스, 데이터, 분석, 방법, 대한, 이해도, 분, 등, 자기, 주도, 업무, 수행, 분, 기획, 운영, 개발, 등, 직, 커뮤니케이션, 및, 협업, 분","aarrr, cohort, funnel, a, b, test",데이터 애널리스트
통계학 전공자 또는 통계학 관련 지식 보유 팀 리딩 경험이 있으신 분 4인이상 팀원의 실무매니징과 휴먼매니징 데이터기반 인사이트를 바탕으로 실제 지표상승과 하락 문제해결과 실패를 경험해보신 분 온라인광고 플랫폼을 설정하고 운영해본 경험 데이터 분석을 위한 통계 딥러닝 머신러닝 모델링 경험,"통계학, 전공자, 통계학, 관련, 지식, 보유, 팀, 리딩, 경험, 분, 인, 이상, 팀, 실무, 매니, 징, 휴먼, 매니, 징, 데이터, 기반, 인사이트, 바탕, 실제, 지표, 상승, 하락, 문제해결, 실패, 경험, 분, 온라인광고, 플랫폼, 설정, 운영, 경험, 데이터, 분석, 위, 통계, 딥, 러닝, 머신, 러닝, 모델링, 경험",,데이터 애널리스트
디지털 마케팅 관련 데이터 비즈니스에 대한 이해 영어 Fluent Global Team 협업 PMO 경험 Task 관리 Issue 관리 Reporting Communication 등,"디지털, 마케팅, 관련, 데이터, 비즈니스, 대한, 이해, 영어, 협업, 경험, 관리, 관리, 등","fluent, global, team, pmo, task, issue, reporting, communication",데이터 애널리스트
글로벌 웹사이트 com 구축 운영 및 관련 프로젝트 경험자 Web 또는 App Tagging 경험자,"글로벌, 웹사이트, 구축, 운영, 및, 관련, 프로젝트, 경험, 경험","com, web, app, tagging",데이터 애널리스트
이런 점이 있다면 더욱 좋아요 O2O 플랫폼 기업에서 근무한 경험이 있는 분 미용 의료 서비스 산업에 대한 이해와 경험이 있는 분 세일즈포스 사용 경험이 있는 분,"점, 더욱, 플랫폼, 기업, 근무, 경험, 분, 미용, 의료, 서비스, 산업, 대한, 이해, 경험, 분, 포스, 사용, 경험, 분","o, o",데이터 애널리스트
학력 초대졸이상 경력 경력,"학력, 초대, 졸, 이상, 경력, 경력",,데이터 애널리스트
3년 이상 대규모 시스템 경험이 있으신 분 뛰어난 의사소통 능력 구두 서면 을 보유하신 분 팀을 성공적으로 이끌어본 경험이 있으신 분,"이상, 대규모, 시스템, 경험, 분, 의사소통, 능력, 구두, 서면, 보유, 분, 팀, 성공, 경험, 분",,데이터 애널리스트
Bioinformatics Computer Science Statistics 등 유관분야 석사이상 PPML Privacy Preserving Machine Learning 을 전공하신 분 PyTorch 기반 framework 개발 가능 Linux Docker Git 등의 개발환경에 익숙하신 분 Kaggle Dacon 등 Competition 경험자 및 우수 기록 보유자 다양한 형태의 데이터 전처리 분석 결과 도출 프로젝트 수행 경험이 있는 분,"등, 유관, 분야, 석사, 이상, 전공, 분, 기반, 개발, 가능, 등, 개발, 환경, 분, 등, 경험, 및, 우수, 기록, 보유, 형태, 데이터, 처리, 분석, 결과, 도출, 프로젝트, 수행, 경험, 분","bioinformatics, computer, science, statistics, ppml, privacy, preserving, machine, learning, pytorch, framework, linux, docker, git, kaggle, dacon, competition",데이터 애널리스트
도시공학 도시계획 관련 전공자 우대 인허가 관련 프로젝트 또는 경력이 있으신 분 영어로 의사소통에 어려움이 없으신 분 SQL 또는 Python 사용 경험이 있으신 분 Jira Confluence 사용 경험이 있으신 분 주기적으로 업데이트 되는 제품에서 데이터 품질 관리와 프로세스 개선 경험이 있으신 분,"도시공학, 도시, 계획, 관련, 전공자, 우대, 인, 허가, 관련, 프로젝트, 경력, 분, 영어, 의사소통, 어려움, 분, 사용, 경험, 분, 사용, 경험, 분, 기적, 업데이트, 제품, 데이터, 품질, 관리, 프로세스, 개선, 경험, 분","sql, python, jira, confluence",데이터 애널리스트
신사업 전략 수립 KPI Setting 관리 및 조직 관리를 경험해보신 분 Amplitude Braze Appsflyer 등의 PA MMP Tool 사용 경험이 있는 분 GTM 이벤트 설계 및 운영 경험이 있는 분 사내 구성원들의 데이터 리터러시 함양에 영향을 주었던 경험이 있는 분,"사업, 전략, 수립, 관리, 및, 조직, 관리, 경험, 분, 등, 사용, 경험, 분, 이벤트, 설계, 및, 운영, 경험, 분, 사내, 구성원, 데이터, 리터, 러시, 함양, 영향, 경험, 분","kpi, setting, amplitude, braze, appsflyer, pa, mmp, tool, gtm",데이터 애널리스트
우대 사항 빠르게 성장하는 서비스에서의 고가용성 데이터 플랫폼 설계 및 운영 경험 데이터 분석 및 머신러닝 프랙티스에 대한 이해와 경험이 있는 분 컨테이너 기반 개발 환경 및 MSA를 위한 데이터 인프라 구축 경험 BigQuery Athena Databricks Snowflake등 클라우드 기반 데이터파이프라인 솔루션을 활용해보신 분 Spark Kafka Hive등 Hadoop Ecosystem상의 다양한 툴들로 빅데이터플랫폼 구축 운영 경험이 있는 분 DB성능 개선이나 쿼리 튜닝에 경험이 있는 분 DevOps나 SRE에 관심이 많고 인프라 자동화에 적극적인 분 데이터 분석가와의 협업 경험이 있는 분,"우대, 사항, 서비스, 고가용성, 데이터, 플랫폼, 설계, 및, 운영, 경험, 데이터, 분석, 및, 머신, 러닝, 프랙티스, 대한, 이해, 경험, 분, 컨테이너, 기반, 개발, 환경, 및, 를, 위, 데이터, 인프라, 구축, 경험, 등, 클라우드, 기반, 데이터, 파이프라인, 솔루션, 활용, 분, 등, 상의, 툴들, 빅데이터, 플랫폼, 구축, 운영, 경험, 분, 성능, 개선, 쿼리, 튜닝, 경험, 분, 나, 관심, 인프라, 자동화, 적극, 분, 데이터, 분석, 협업, 경험, 분","msa, bigquery, athena, databricks, snowflake, spark, kafka, hive, hadoop, ecosystem, db, devops, sre",데이터 애널리스트
이런 점이 있다면 더욱 좋아요 2 3인 이상의 멤버를 리딩해본 경험이 있으신 분 관련 분야 재직 이력 또는 학위 전산 통계 머신러닝 수학 알고리즘 등 가 있으신 분 로그 수준의 데이터를 가공하여 분석 결과까지 도출할 수 있는 전체 분석 프로세스 유경험자,"점, 더욱, 인, 이상, 멤버, 리딩, 경험, 분, 관련, 분야, 재직, 이력, 학위, 전산, 통계, 머신, 러닝, 수학, 알고리즘, 등, 분, 로그, 수준, 데이터, 가공, 분석, 결과, 도출, 수, 전체, 분석, 프로세스, 유, 경험",,데이터 애널리스트
신사업 전략 수립 KPI Setting 관리 및 조직 관리를 경험해보신 분 엔지니어와 협업하여 데이터 파이프라인을 구축하고 관리한 경험이 있는 분 데이터 분석환경 구성을 리드했거나 다양한 분석환경에 대한 이해도가 높으신 분 데이터 통합 데이터 마트 Amplitude Braze Appsflyer 등의 PA MMP Tool 사용 경험이 있는 분 GTM 이벤트 설계 및 운영 경험이 있는 분 사내 구성원들의 데이터 리터러시 함양에 영향을 주었던 경험이 있는 분,"사업, 전략, 수립, 관리, 및, 조직, 관리, 경험, 분, 엔지니어, 협업, 데이터, 파이프라인, 구축, 관리, 경험, 분, 데이터, 분석, 환경, 구성, 리드, 분석, 환경, 대한, 이해도, 분, 데이터, 통합, 데이터, 마트, 등, 사용, 경험, 분, 이벤트, 설계, 및, 운영, 경험, 분, 사내, 구성원, 데이터, 리터, 러시, 함양, 영향, 경험, 분","kpi, setting, amplitude, braze, appsflyer, pa, mmp, tool, gtm",데이터 애널리스트
1 Tableau GA 등 분석 BI 툴 사용 경험이 있으신 분2 컴퓨터 공학 통계학 등 연관 학과 졸업자3 스스로 문제를 정의하고 가설적 구조적 사고 기반의 문제 해결 역량이 뛰어나신 분4 전략 컨설팅펌 경력이 있는 분5 건강 관리 분야에 관심이 많으신 분,"등, 분석, 툴, 사용, 경험, 분, 컴퓨터, 공학, 통계학, 등, 연관, 학과, 졸업, 스스로, 문제, 정의, 가설, 구조, 사고, 기반, 문제, 해결, 역량, 분, 전략, 컨설팅펌, 경력, 분, 건강, 관리, 분야, 관심, 분","tableau, ga, bi",데이터 애널리스트
CRA 또는 PM 경력자 Project Lead 경험자 제약회사 CRO 의료기관에서 DM 경험자 EDC 개발 및 운영 경험자 주요 EDC Medidata Rave CRScube 등 경험자 임상 의학 통계 경험자 CRO 제약 임상 교육 이수자 SPSS R SAS Python 경험자 커뮤니케이션을 위한 영어 가능자,"경력, 경험, 제약회사, 의료, 기관, 경험, 개발, 및, 운영, 경험, 주요, 등, 경험, 임, 의학, 통계, 경험, 제약, 임, 교육, 이수자, 경험, 커뮤니케이션, 위, 영어, 가능","cra, pm, project, lead, cro, dm, edc, edc, medidata, rave, crscube, cro, spss, r, sas, python",데이터 애널리스트
제약업 경력자,"제약업, 경력",,데이터 애널리스트
통계 데이터 분석 관련 학과를 전공하신 분 데이터 시각화 툴 Tableau Redash 활용 경험이 있는 분 커머스 유통 물류 혹은 관련 산업에 대한 이해도가 있는 분 인력 생산성 비용 효율화 관련 지표를 다뤄보신 분,"통계, 데이터, 분석, 관련, 학과, 전공, 분, 데이터, 시각, 툴, 활용, 경험, 분, 커머스, 유통, 물류, 관련, 산업, 대한, 이해도, 분, 인력, 생산, 비용, 효율, 관련, 지표, 보신, 분","tableau, redash",데이터 애널리스트
통계학 경영학 수학 컴퓨터공학 등 데이터 분석 관련 전공을 이수하신 분 데이터 시각화 툴 Tableau Redash Grafana 기반 대시보드 제작 경험이 있으신 분 Python R 등 스크립트 언어를 하실 수 있는 분 지리 로컬 맵 시공간 데이터 GIS 등 시각화 경험이 있으신 분 해당 포지션은 지원자의 경험과 역량을 고려하여 최종 합격 후 팀 및 담당 서비스 배치가 이루어질 예정입니다,"통계학, 경영학, 수학, 컴퓨터공학, 등, 데이터, 분석, 관련, 전공, 이수, 분, 데이터, 시각, 툴, 기반, 대시보드, 제작, 경험, 분, 등, 스크립트, 언어, 수, 분, 지리, 로컬, 맵, 시공간, 데이터, 등, 시각, 경험, 분, 해당, 포지션, 지원, 자의, 경험, 역량, 고려, 최종, 합격, 후, 팀, 및, 담당, 서비스, 배치, 예정","tableau, redash, grafana, python, r, gis",데이터 애널리스트
통계학 금융 및 보험 분야의 학위 또는 해당 분야에 대한 높은 이해도와 데이터 분석과 관련된 프로젝트 경험이 있으면 좋습니다 빅데이터 기획 분석 모형 구축 관련 프로젝트를 경험한 분이면 좋습니다 웹로그 및 웹페이지 데이터에 대한 분석 경험이 있으면 좋습니다 다른 부서와의 원활한 커뮤니케이션 능력이 있는 분이면 좋습니다 특히 통계분석 결과를 텍스트나 시각적으로 쉽게 풀어서 설명할 수 있는 능력이 있으면 더 좋습니다 사회조사분석사 2급 빅데이터 분석기사 데이터분석 준전문가 등의 데이터 분석 관련 자격증이 있거나 빅데이터 분석 관련 수상 경험이 있는 분이면 좋습니다,"통계학, 금융, 및, 보험, 분야, 학위, 해당, 분야, 대한, 이해도, 데이터, 분석, 관련, 프로젝트, 경험, 빅데이터, 기획, 분석, 모형, 구축, 관련, 프로젝트, 경험, 웹로그, 및, 웹페이지, 데이터, 대한, 분석, 경험, 다른, 부서, 커뮤니케이션, 능력, 통계, 분석, 결과, 텍스트, 시각, 설명, 수, 능력, 더, 사회, 조사분, 석사, 급, 빅데이터, 분석, 기사, 데이터, 분석, 준, 전문가, 등, 데이터, 분석, 관련, 자격증, 빅데이터, 분석, 관련, 수상, 경험",,데이터 애널리스트
이런 경험이 있다면 더 좋습니다 블록체인 e g Bitcoin Ethereum 데이터 기반의 분석 프로젝트를 경험해보신 분 Solidity 코드를 작성하지는 못해도 이해하실 수는 있는 분 Web3 project developer 문서 중에 정독해본 문서가 하나라도 있는 분 투자 관점에서 통계적 방법론들을 이용하여 데이터를 모델링하는 프로젝트를 경험해보신 분 투자 암호화폐 금융 분야에 대한 관심이 있으신 분 영어로 능숙하게 소통할 수 있는 분 크립토퀀트의 기업문화와 잘 맞는 분,"경험, 더, 블록, 체인, 데이터, 기반, 분석, 프로젝트, 경험, 분, 코드, 작성, 이해, 수, 분, 문서, 중, 정독, 문서, 하나, 분, 투자, 관점, 통계, 방법론, 이용, 데이터, 모델링, 프로젝트, 경험, 분, 투자, 암호, 화폐, 금융, 분야, 대한, 관심, 분, 영어, 소통, 수, 분, 크립토퀀트, 기업, 문화, 분","e, g, bitcoin, ethereum, solidity, web, project, developer",데이터 애널리스트
이런 경험이 있다면 더 좋습니다 관습화된 상황을 개선하기 위한 분석적 사고 및 문제 탐구 경험이 있으신 분 Data Warehouse 환경 경험 Data Mart 설계 구축 경험 있으신 분 통계 모델링 머신 러닝 등에 대한 이해와 경험이 있으신 분 AWS 서비스 개발 또는 사용 경험이 있으신 분 Linux 환경에 대한 깊은 이해 또는 트러블슈팅 경험이 있으신 분,"경험, 더, 관습, 상황, 개선, 위, 분석, 사고, 및, 문제, 탐구, 경험, 분, 환경, 경험, 설계, 구축, 경험, 분, 통계, 모델링, 머신, 러닝, 등, 대한, 이해, 경험, 분, 서비스, 개발, 사용, 경험, 분, 환경, 대한, 이해, 트러블, 슈팅, 경험, 분","data, warehouse, data, mart, aws, linux",데이터 애널리스트
동종 유사 업계 데이터 분석 경험 데이터 분석 관련 학위 컴퓨터공학 통계학 등 소지자,"종, 유사, 업계, 데이터, 분석, 경험, 데이터, 분석, 관련, 학위, 컴퓨터공학, 통계학, 등, 소지",,데이터 애널리스트
금융 통계 빅데이터 관련 연구 실적이 있으신 분 데이터 핀테크 산업 종사 경험자 스스로 문제를 파악하고 가설을 제기하고 실험을 통해 검증하는 것을 좋아하는 분 다양한 직군과의 커뮤니케이션에 어려움이 없으신 분,"금융, 통계, 빅데이터, 관련, 연구, 실적, 분, 데이터, 핀, 테크, 산업, 종사, 경험, 스스로, 문제, 파악, 가설, 제기, 실험, 통해, 검증, 것, 분, 직, 커뮤니케이션, 어려움, 분",,데이터 애널리스트
국내외 보안컨퍼런스 발표자 국내외 해킹대회 입상자 관련 프로젝트 투입 유경험자 정보보호 관련 전문 교육 수료자 자체 분석 기술 보유자 IT 관련 자격증 보유,"국내외, 보안, 컨퍼런스, 발표, 국내외, 해킹대회, 입상, 관련, 프로젝트, 투입, 유, 경험, 정보보호, 관련, 전문, 교육, 수료, 자체, 분석, 기술, 보유, 관련, 자격증, 보유",it,데이터 애널리스트
데이터 분석 관련 전공을 이수하신 분 데이터 시각화 툴 Tableau Redash 활용 경험을 보유하신 분 IT 플랫폼 유통 물류 커머스 등 유관 업종에서의 업무 경력과 비즈니스 이해도가 있으신 분 사업 운영 관리 관련 실무를 2년 이상 경험하신 분,"데이터, 분석, 관련, 전공, 이수, 분, 데이터, 시각, 툴, 활용, 경험, 보유, 분, 플랫폼, 유통, 물류, 커머스, 등, 유관, 업종, 업무, 경력, 비즈니스, 이해도, 분, 사업, 운영, 관리, 관련, 실무, 이상, 경험, 분","tableau, redash, it",데이터 애널리스트
박사 학위 보유자 Python 기반의 AI 모델 구축 데이터 분석 경험 보유자 AI ML 기반 데이터 분석 및 운영 관련 과제 경험 보유자 MLOps 체계 구축 및 활용 경험 보유자 LLM 및 생성모델에 대한 경험 보유자 대규모 데이터 처리 개발 경험 보유자,"박사, 학위, 보유, 기반, 모델, 구축, 데이터, 분석, 경험, 보유, 기반, 데이터, 분석, 및, 운영, 관련, 과제, 경험, 보유, 체계, 구축, 및, 활용, 경험, 보유, 및, 생, 모델, 대한, 경험, 보유, 대규모, 데이터, 처리, 개발, 경험, 보유","python, ai, ai, ml, mlops, llm",데이터 애널리스트
석사 박사 학위 보유자 AI ML 기반 데이터 분석 및 운영 관련 과제 경험 보유자 MLOps 체계 구축 및 활용 경험 보유자 LLM 및 생성모델에 대한 경험 보유자 대규모 데이터 처리 개발 경험 보유자,"석사, 박사, 학위, 보유, 기반, 데이터, 분석, 및, 운영, 관련, 과제, 경험, 보유, 체계, 구축, 및, 활용, 경험, 보유, 및, 생, 모델, 대한, 경험, 보유, 대규모, 데이터, 처리, 개발, 경험, 보유","ai, ml, mlops, llm",데이터 애널리스트
Cuda OpenCL 프로세싱 유 경험자 머신비전 이미지 프로세싱 관련 유 경험자 C 최적화 가능자,"프로세싱, 유, 경험, 머신, 이미지, 프로세싱, 관련, 유, 경험, 최적화, 가능","cuda, opencl, c",데이터 애널리스트
GA Amplitude Mixpanel 등 3rd party 툴을 사용한 데이터 분석이 가능한 분 데이터 분석 프로그래밍 언어 Python R 로 데이터 전처리 및 분석이 가능한 분 GCP AWS 등 클라우드 환경에서 데이터 웨어하우스를 구축한 경험이 있으신 분 데이터 기반 인사이트를 PO PM 디자이너 등 다양한 직군과 협업하며 적용한 경험이 있으신 분 가설을 세우고 데이터를 처리해 제품 개선까지 도출한 경험이 있으신 분,"등, 툴, 사용, 데이터, 분석, 분, 데이터, 분석, 프로그래밍, 언어, 로, 데이터, 처리, 및, 분석, 분, 등, 클라우드, 환경, 데이터, 웨어하우스, 구축, 경험, 분, 데이터, 기반, 인사이트, 디자이너, 등, 직, 협업, 적용, 경험, 분, 가설, 데이터, 처리, 제품, 개선, 도출, 경험, 분","ga, amplitude, mixpanel, rd, party, python, r, gcp, aws, po, pm",데이터 애널리스트
이런 분이면 더욱 좋아요 고객사와 원활한 커뮤니케이션 가능 AI관련 교육을 이수하신 분 AI Big Data을 활용하여 프로젝트 경험이 있으신 분 프로젝트 산출물 작성이 가능한 분 AI 기반 기술 및 최신 트렌드에 대한 전반적인 지식과 경험을 갖춘 분 제조 IT 프로젝트 경험자 우대 산업공학 기계 자동차 조선공학 컴퓨터 시스템공학 머신러닝 데이터마이닝 통계 산업공학 등 관련 분야 석 박사 학위 소지자 정부과제를 주도적으로 진행해 본 경험이 있으신 분 프로젝트 중 대형 개발 경력이 있으신 분 PMP자격 ADsp자격증 소지자,"더욱, 고객, 커뮤니케이션, 가능, 관련, 교육, 이수, 분, 활용, 프로젝트, 경험, 분, 프로젝트, 산출, 물, 작성, 분, 기반, 기술, 및, 최신, 트렌드, 대한, 전반, 지식, 경험, 분, 제조, 프로젝트, 경험, 우대, 산업, 공학, 기계, 자동차, 조선, 공학, 컴퓨터, 시스템, 공학, 머신, 러닝, 데이터마이닝, 통계, 산업, 공학, 등, 관련, 분야, 석, 박사, 학위, 소지, 정부, 과제, 주도, 진행, 경험, 분, 프로젝트, 중, 대형, 개발, 경력, 분, 자격, 자격증, 소지","ai, ai, big, data, ai, it, pmp, adsp",데이터 애널리스트
직접 학습한 딥러닝 모델을 서비스에 적용 유경험자 머신러닝 파이프라인 구축 및 해당 서비스 운영 유경험자,"직접, 학습, 딥, 러닝, 모델, 서비스, 적용, 유, 경험, 머신, 러닝, 파이프라인, 구축, 및, 해당, 서비스, 운영, 유, 경험",,데이터 애널리스트
국내외 보안컨퍼런스 발표자 국내외 해킹대회 입상자 관련 프로젝트 투입 유경험자 정보보호 관련 전문 교육 수료자 자체 분석 기술 보유자 IT 관련 자격증 보유,"국내외, 보안, 컨퍼런스, 발표, 국내외, 해킹대회, 입상, 관련, 프로젝트, 투입, 유, 경험, 정보보호, 관련, 전문, 교육, 수료, 자체, 분석, 기술, 보유, 관련, 자격증, 보유",it,데이터 애널리스트
Strong ability on a Excel Power pivot SQL or Python Knowledge on Machine learning specifically understanding on Supervised learning or Decision tree model,,"strong, ability, on, a, excel, power, pivot, sql, or, python, knowledge, on, machine, learning, specifically, understanding, on, supervised, learning, or, decision, tree, model",데이터 애널리스트
오픈소스 컨트리뷰터 혹은 메인테이너 딥러닝 연구나 이를 활용한 서비스 경험이 있는 엔지니어 TensorFlow PyTorch MXNet 등 각종 머신러닝 프레임워크에 대한 이해 Hadoop MR Hive Spark Flink Presto 등 빅데이터 프레임워크 사용 경험이 있으신 분 ETL Pipeline 을 구축 및 운영한 경험 머신러닝 또는 통계학 기반의 학문적 배경 또는 실무 경험,"오픈소스, 컨트리, 뷰터, 메인, 테이, 너, 딥, 러닝, 연구, 활용, 서비스, 경험, 엔지니어, 등, 각종, 머신, 러닝, 프레임워크, 대한, 이해, 등, 빅데이터, 프레임워크, 사용, 경험, 분, 구축, 및, 운영, 경험, 머신, 러닝, 통계학, 기반, 학문, 배경, 실무, 경험","tensorflow, pytorch, mxnet, hadoop, mr, hive, spark, flink, presto, etl, pipeline",데이터 엔지니어
AWS와 AWS의 서비스 GLUE EMR EKS Redshift 를 다뤄 본 경험이 있는 분 대규모 분산 시스템에서 대량 데이터를 처리하는 데 필요한 기술과 경험 Hadoop Spark Hive Kafka 등 이 있는 분 금융업계 도메인에서 요구하는 보안항목들을 이해하며 규제 범위 내에서의 작업 경험이 있는 분 ETL 파이프라인을 통해 BI 시각화를 위한 툴 QuickSight Looker Tableau 등 에 리포팅 해본 경험이 있는 분,"의, 서비스, 를, 경험, 분, 대규모, 분산, 시스템, 대량, 데이터, 처리, 데, 기술, 경험, 등, 이, 분, 금융업, 도메인, 요구, 보안, 항목, 이해, 규제, 범위, 내, 작업, 경험, 분, 파이프라인, 통해, 시각, 위, 툴, 등, 리, 포팅, 경험, 분","aws, aws, glue, emr, eks, redshift, hadoop, spark, hive, kafka, etl, bi, quicksight, looker, tableau",데이터 엔지니어
AWS 등 클라우드 기반 데이터 플랫폼 구축 및 워크플로우 운영 경험이 있으신 분 대용량 데이터 파이프라인 수집 가공 분석 개발 및 운영 경험이 있으신 분 Flask NestJS 등 백엔드 프레임워크 경험이 있으신 분,"등, 클라우드, 기반, 데이터, 플랫폼, 구축, 및, 워크플로우, 운영, 경험, 분, 용량, 데이터, 파이프라인, 수집, 가공, 분석, 개발, 및, 운영, 경험, 분, 등, 백엔드, 프레임워크, 경험, 분","aws, flask, nestjs",데이터 엔지니어
관련 자격증 정보처리 기사 SQLD 등 DB에 대한 열정이 있는 분,"관련, 자격증, 정보처리, 기사, 등, 대한, 열정, 분","sqld, db",데이터 엔지니어
AWS GCP 클라우드 환경에 대한 이해와 경험 보유한 분 Docker Kubernetes 관련 경험 보유한 분 Git 관련 경험 보유한 분 Github Bitbucket 등 ELK stack 경험 보유한 분 Elastic Search Logstash Kibana Google Analytics Google Tag Manager Data Studio 데이터분석 경험 보유한 분 Mongodb Nosql DB 경험 보유한 분 e commerce 플랫폼 광고트래킹 플랫폼 구축 운영 경험 보유한 분 Web Frontend javascript Libarary React js Angular js Vue js 등 경험 보유한 분 상용서비스를 처음부터 개발하여 운영한 경험 보유한 분 본인의 기술경험을 타인에게 잘 설명할 수 있는 분,"클라우드, 환경, 대한, 이해, 경험, 보유, 분, 관련, 경험, 보유, 분, 관련, 경험, 보유, 분, 등, 경험, 보유, 분, 데이터, 분석, 경험, 보유, 분, 경험, 보유, 분, 플랫폼, 광, 고트, 킹, 플랫폼, 구축, 운영, 경험, 보유, 분, 등, 경험, 보유, 분, 상용, 서비스, 처음, 개발, 운영, 경험, 보유, 분, 본인, 기술, 경험, 타인, 설명, 수, 분","aws, gcp, docker, kubernetes, git, github, bitbucket, elk, stack, elastic, search, logstash, kibana, google, analytics, google, tag, manager, data, studio, mongodb, nosql, db, e, commerce, web, frontend, javascript, libarary, react, js, angular, js, vue, js",데이터 엔지니어
DB설계 솔루션 혹은 데이터 관련 솔루션 지원 경험 개발프로젝트 경험이나 이해 블로그나 카페등을 통해 네트워킹 경험 분야 무관 3rd Party 개발 지원 기초 업무 수행후 추가 선택 자는 VB Net C 경험,"설계, 솔루션, 데이터, 관련, 솔루션, 지원, 경험, 개발, 프로젝트, 경험, 이해, 블로그, 카페, 등, 통해, 네트워킹, 경험, 분야, 무관, 개발, 지원, 기초, 업무, 수행, 후, 추가, 선택, 경험","db, rd, party, vb, net, c",데이터 엔지니어
Kubernetes 구축 운영 경험 보유 Linux container 기반의 시스템 구축 운영 경험 보유 Overlay network 구축 운영 경험 보유 Ceph 분산 스토리지 구축 운영 경험 보유 IT 인프라 모니터링에 대한 전문 지식 보유 오픈소스 contribution 또는 issue reporting 경험 Kubernetes operator 구축 운영 경험 보유 Data Engineering 경험 보유 Hadoop Spark등 Bigdata eco 구축 운영 경험 보유,"구축, 운영, 경험, 보유, 기반, 시스템, 구축, 운영, 경험, 보유, 구축, 운영, 경험, 보유, 분산, 스토리, 구축, 운영, 경험, 보유, 인프라, 모니터링, 대한, 전문, 지식, 보유, 오픈소스, 경험, 구축, 운영, 경험, 보유, 경험, 보유, 등, 구축, 운영, 경험, 보유","kubernetes, linux, container, overlay, network, ceph, it, contribution, issue, reporting, kubernetes, operator, data, engineering, hadoop, spark, bigdata, eco",데이터 엔지니어
AWS RDS Aurora 등 AWS 클라우드 경험 Redis DynamoDB 등 사용 경험 데이터베이스 관련 자격증 소유 초보 이상 수준의 Python 프로그래밍에 대한 이해 스크립트 작성 경험,"등, 클라우드, 경험, 등, 사용, 경험, 데이터베이스, 관련, 자격증, 소유, 초보, 이상, 수준, 프로그래밍, 대한, 이해, 스크립트, 작성, 경험","aws, rds, aurora, aws, redis, dynamodb, python",데이터 엔지니어
대량의 데이터를 파이프라인으로 다뤄본 경험 검색엔진을 다뤄본 경험 데이터 레이크 데이터 마트를 구축 및 운영해 본 경험 다양한 데이터베이스에 대한 이해 및 사용 경험 kafka를 활용한 환경 구축 및 운영 경험,"대량, 데이터, 파이프라인, 경험, 검색, 엔진, 경험, 데이터, 레이크, 데이터, 마트, 구축, 및, 운영, 경험, 데이터베이스, 대한, 이해, 및, 사용, 경험, 를, 활용, 환경, 구축, 및, 운영, 경험",kafka,데이터 엔지니어
대용량 서비스 개발 또는 운영 경험이 있으신 분 데이터 처리 및 분석 플랫폼 구축 경험이 있으신 분 데이터 처리 및 활용 서비스 개발 및 운영 경험이 있으신 분 Spark 및 Hadoop 에코시스템을 이용하여 데이터 애플리케이션을 개발 및 운영한 경험이 있으신 분 MLOps에 대한 이해도가 높으신 분,"용량, 서비스, 개발, 운영, 경험, 분, 데이터, 처리, 및, 분석, 플랫폼, 구축, 경험, 분, 데이터, 처리, 및, 활용, 서비스, 개발, 및, 운영, 경험, 분, 및, 에코, 시스템, 이용, 데이터, 애플리케이션, 개발, 및, 운영, 경험, 분, 대한, 이해도, 분","spark, hadoop, mlops",데이터 엔지니어
관련분야 개발경험 1년 이상 우대 석사 우대 DBMS에 대한 이해 및 개발경험 우대 관련 전공 컴퓨터공학 전산학 등 및 정보처리기사 자격증 우대,"관련, 분야, 개발, 경험, 이상, 우대, 석사, 우대, 대한, 이해, 및, 개발, 경험, 우대, 관련, 전공, 컴퓨터공학, 전산학, 등, 및, 정보처리기사, 자격증, 우대",dbms,데이터 엔지니어
이런 분이라면 더 좋아요 AWS GCP 등 클라우드 환경에서 데이터 플랫폼 구축 및 운영 경험이 있으신 분 대용량 분산 시스템 Hadoop Spark Kafka Hive 등 운영 경험 있으신 분 Python Java Go 중 하나 이상의 언어를 이용한 어플리케이션 개발 경험이 있으신 분 데이터 시각화 도구 Tableau Redash 를 활용한 경험이 있으신 분 검색 추천 서비스 개발 및 운영 경험이 있으신 분,"더, 등, 클라우드, 환경, 데이터, 플랫폼, 구축, 및, 운영, 경험, 분, 용량, 분산, 시스템, 등, 운영, 경험, 분, 중, 하나, 이상, 언어, 이용, 어플리케이션, 개발, 경험, 분, 데이터, 시각, 도구, 를, 활용, 경험, 분, 검색, 추천, 서비스, 개발, 및, 운영, 경험, 분","aws, gcp, hadoop, spark, kafka, hive, python, java, go, tableau, redash",데이터 엔지니어
DBMS에 대한 애정과 역량을 발휘하고 싶은 경력자 DBMS QA DBMS 기능 및 성능테스트 경험자,"대한, 애정, 역량, 발휘, 경력, 기능, 및, 성능, 테스트, 경험","dbms, dbms, qa, dbms",데이터 엔지니어
Snowflake S3를 이용하여 데이터웨어하우스를 구축하고 운영하신 경험이 있으신 분 파이썬으로 모델 서빙 API를 개발하고 운영해보신 경험이 있으신 분 대용량 데이터 처리 및 파이프라인 개발 및 운영 경험이 있으신 분 Spark 및 Hadoop 에코시스템을 이용하여 데이터 애플리케이션을 개발 및 운영 경험이 있으신 분 DataHub를 구축하고 운영하신 경험이 있으신 분 MLOps에 대한 이해가 있으신 분,"를, 이용, 데이터웨어하우스, 구축, 운영, 경험, 분, 파이썬, 모델, 서빙, 를, 개발, 운영, 경험, 분, 용량, 데이터, 처리, 및, 파이프라인, 개발, 및, 운영, 경험, 분, 및, 에코, 시스템, 이용, 데이터, 애플리케이션, 개발, 및, 운영, 경험, 분, 를, 구축, 운영, 경험, 분, 대한, 이해, 분","snowflake, s, api, spark, hadoop, datahub, mlops",데이터 엔지니어
관련 분야 석사 박사 학위 이상 소지하신 분 인공지능 컴퓨터공학 통계 데이터분석 등 Data centric ai 에 대한 이해 경험이 있으신 분 자율주행 데이터셋 생성 활용 경험이 있으신 분 이미지 라이다 레이더 등등 2D 3D 데이터셋 경험 Linux 기반 개발 경험이 있으신 분 대량의 데이터 처리 경험 데이터베이스 개발 및 활용 경험,"관련, 분야, 석사, 박사, 학위, 이상, 소지, 분, 인공, 지능, 컴퓨터공학, 통계, 데이터, 분석, 등, 대한, 이해, 경험, 분, 자율, 주행, 데이터, 셋, 생, 활용, 경험, 분, 이미지, 라이, 레이더, 등등, 데이터, 셋, 경험, 기반, 개발, 경험, 분, 대량, 데이터, 처리, 경험, 데이터베이스, 개발, 및, 활용, 경험","data, centric, ai, d, d, linux",데이터 엔지니어
별도 없음,별도,,데이터 엔지니어
데이터 엔지니어 데이터 사이언티스트 교육을 수료하신 분 병렬 처리 프로그래밍을 해보신 분 Django Flask FastAPI 등의 Python API Framework를 사용해보신 분 Apache Airflow를 통해 데이터 파이프라인 구축 경험이 있으신 분 프론트엔드 웹 개발 경험이 있으신 분 누구보다 빠르게 성장하고 싶으신 분 코드를 개선하고 함께 성장하길 추구하는 분 주도적인 일정관리에 능하신 분을 원해요 새로운 기술에 관심이 많고 꾸준히 스스로 학습하시는 분을 원해요 제품을 완성하기 위해 다양한 방면으로 접근하실 수 있는 분을 원해요 긍정적 사고와 책임감을 바탕으로 원활한 커뮤니케이션을 하시는 분을 원해요 개발 지식을 공유하는 것을 좋아하시는 분을 원해요 개발에 대해 수다 떠는 것을 좋아하시는 분을 원해요,"데이터, 엔지니어, 데이터, 티스, 트, 교육, 수료, 분, 병렬, 처리, 프로그래밍, 분, 등, 를, 사용, 분, 를, 통해, 데이터, 파이프라인, 구축, 경험, 분, 프론트엔드, 웹, 개발, 경험, 분, 누구, 분, 코드, 개선, 추구, 분, 주도, 일정, 관리, 능, 분, 기술, 관심, 스스로, 학습, 분, 제품, 완성, 위해, 방면, 접근, 수, 분, 긍정, 사고, 책임감, 바탕, 커뮤니케이션, 분, 개발, 지식, 공유, 것, 분, 개발, 대해, 수다, 것, 분","django, flask, fastapi, python, api, framework, apache, airflow",데이터 엔지니어
이런 경험이 있으신 분이면 더 좋아요 데이터 엔지니어링 업무를 총괄하고 관리한 경험을 가지신 분 Workflow manager Airflow Azkaban 등 사용 경험이 있으신 분 대용량 실시간 데이터 분산 처리 시스템 설계 및 운영 경험을 가지신 분 FastAPI Flask 등을 활용하여 서비스를 개발해본 경험이 있으신 분 영어로 업무 소통하는데 어려움이 없으신 분 쇼핑몰 호스팅사의 데이터 소스와 연동 경험이 있으신 분 외부 툴 API를 활용하여 서비스 개발해보신 경험이 있으신 분,"경험, 더, 데이터, 엔지니어링, 업무, 총괄, 관리, 경험, 분, 등, 사용, 경험, 분, 용량, 실시간, 데이터, 분산, 처리, 시스템, 설계, 및, 운영, 경험, 분, 등, 활용, 서비스, 개발, 경험, 분, 영어, 업무, 소통, 어려움, 분, 쇼핑몰, 호스팅, 사의, 데이터, 소스, 연동, 경험, 분, 외부, 툴, 를, 활용, 서비스, 개발, 경험, 분","workflow, manager, airflow, azkaban, fastapi, flask, api",데이터 엔지니어
온프레미스 기반 서버 네트워크 설계 구축 경험이 있는 분 우대 Data lake 구축 프로젝트 리딩 경험이 있는 분 우대 Hadoop eco system 에 대한 이해도가 높은 분 우대 고가용성 시스템 설계 구축 가능한 분 우대회사위치경기 성남시 분당구 황새울로 216,"프레, 미스, 기반, 서버, 네트워크, 설계, 구축, 경험, 분, 우대, 구축, 프로젝트, 리딩, 경험, 분, 우대, 대한, 이해도, 분, 우대, 고가용성, 시스템, 설계, 구축, 분, 우대, 회사, 위치, 경기, 성남시, 분당구, 황새, 울","data, lake, hadoop, eco, system",데이터 엔지니어
데이터 전처리 및 시각화 경험이 있는 분 Apache Spark를 활용한 데이터 처리 또는 데이터 플랫폼 구성 경험을 가지고 계신 분 데이터 관리 또는 활용을 위한 도구 웹 애플리케이션 등 개발 경험이 있는 분,"데이터, 처리, 및, 시각, 경험, 분, 를, 활용, 데이터, 처리, 데이터, 플랫폼, 구성, 경험, 가지, 분, 데이터, 관리, 활용, 위, 도구, 웹, 애플리케이션, 등, 개발, 경험, 분","apache, spark",데이터 엔지니어
컴퓨터공학 통계학 수학 전공자 CRM관련 업무 경험자 원활한 PPT 및 커뮤니케이션 능력보유자 로그분석 툴 WiseLog WiseCollector Google Analytics Adobe Analytics 등 사용경험,"컴퓨터공학, 통계학, 수학, 전공자, 관련, 업무, 경험, 및, 커뮤니케이션, 능력, 보유, 로그, 분석, 툴, 등, 사용, 경험","crm, ppt, wiselog, wisecollector, google, analytics, adobe, analytics",데이터 엔지니어
컴퓨터공학 통계학 수학 전공자 CRM관련 업무 경험자 원활한 PPT 및 커뮤니케이션 능력보유자 로그분석 툴 WiseLog WiseCollector Google Analytics Adobe Analytics 등 사용경험,"컴퓨터공학, 통계학, 수학, 전공자, 관련, 업무, 경험, 및, 커뮤니케이션, 능력, 보유, 로그, 분석, 툴, 등, 사용, 경험","crm, ppt, wiselog, wisecollector, google, analytics, adobe, analytics",데이터 엔지니어
클라우드 기반 빅데이터 플래폿 구축 경험자 Google AWS Azure Spark 기반 ETL 업무수행 경험자 Python 기반 데이터 크롤링 경험자 리포팅 도구 Tableau Power BI 등 사용 경험 보유,"클라우드, 기반, 빅데이터, 플래폿, 구축, 경험, 기반, 업무, 수행, 경험, 기반, 데이터, 크롤, 링, 경험, 리, 포팅, 도구, 등, 사용, 경험, 보유","google, aws, azure, spark, etl, python, tableau, power, bi",데이터 엔지니어
SQL 튜닝 OGG 솔루션 운영 경험 금융권 대용량 DB시스템 운영 경험 Dataguard 운영 및 구성 경험 관련 자격증 소지자 Oracle 외 이기종 DB MSSQL Maria Mongo 등 운영 경험,"튜닝, 솔루션, 운영, 경험, 금융, 용량, 시스템, 운영, 경험, 운영, 및, 구성, 경험, 관련, 자격증, 소지, 외, 이기, 종, 등, 운영, 경험","sql, ogg, db, dataguard, oracle, db, mssql, maria, mongo",데이터 엔지니어
Kubernetes의 전반적인 구성요소와 동작원리를 이해하고 있으며 Kubernetes 환경에서의 데이터 인프라 구축의 경험이 있습니다 소프트웨어 엔지니어링 데이터 엔지니어링 데이터 분석의 도메인을 아우르는 지식과 커뮤니케이션 능력이 있습니다 언제든 Airflow Spark와 같은 오픈소스의 코드를 직접 딥다이브 할 수 있는 의지와 능력이 있습니다,"의, 전반, 구성요소, 원리, 이해, 환경, 데이터, 인프라, 구축, 경험, 소프트웨어, 엔지니어링, 데이터, 엔지니어링, 데이터, 분석, 도메인, 지식, 커뮤니케이션, 능력, 언제, 오픈소스, 코드, 직접, 딥, 다이브, 수, 의지, 능력","kubernetes, kubernetes, airflow, spark",데이터 엔지니어
분산 환경에서 대용량 데이터 처리를 경험해 보신 분 Hadoop Ecosystem 을 경험해 보시거나 관심이 있으신 분 프로그래매틱 광고 관련한 개발 업무를 진행해 보신 분,"분산, 환경, 용량, 데이터, 처리, 경험, 보신, 분, 경험, 관심, 분, 프로, 매틱, 광고, 관련, 개발, 업무, 진행, 보신, 분","hadoop, ecosystem",데이터 엔지니어
CISSP CISA 정보보안기사 정보관리기술사 업무상 영어 회화 가능한 분,"정보보안, 기사, 정보관리기술사, 업무, 영어, 회화, 분","cissp, cisa",데이터 엔지니어
좋은 코드와 설계를 위한 고민 그리고 테스트의 중요성을 인지하고 계신 분 코드 리뷰 및 의견 공유에 있어 적극적인 분 내가 만든 작품을 고객이 직접 사용하는 순간 그때의 긴장감과 뿌듯함을 즐기시는 분 작은 규모의 회사에서 좋은 업무 문화를 함께 만들어 나가고 싶은 분 새로운 것을 배움에 주저함이 없고 주변 동료들과 나누고 싶어 하시는 분 팀 플레이어로서 동료들과 함께 협력하여 문제를 해결해 나가시는 분,"코드, 설계, 위, 고민, 테스트, 중요성, 인지, 분, 코드, 리뷰, 및, 의견, 공유, 적극, 분, 내, 작품, 고객, 직접, 사용, 순간, 그때, 긴장감, 분, 규모, 회사, 업무, 문화, 분, 것, 배움, 함, 주변, 동료, 분, 팀, 플레이어, 로서, 동료, 협력, 문제, 해결, 나가시, 분",,데이터 엔지니어
리눅스 엔지니어,"리눅스, 엔지니어",,데이터 엔지니어
B2B SaaS 서비스 운영 경험 이커머스 금융 투자 데이터 분석 경험 오픈소스 프로젝트 활동 경험 OLAP 분석 경험 Kafka 등 데이터 스트리밍 구현 경험 InfluxDB 등 시계열 DB 관련 경험 ML DL 관련 프로젝트 경험 VC Growth hacking에 대한 경험 영어회화 가능자,"서비스, 운영, 경험, 이커머스, 금융, 투자, 데이터, 분석, 경험, 오픈소스, 프로젝트, 활동, 경험, 분석, 경험, 등, 데이터, 스트리밍, 구현, 경험, 등, 시계열, 관련, 경험, 관련, 프로젝트, 경험, 대한, 경험, 영어, 회화, 가능","b, b, saas, olap, kafka, influxdb, db, ml, dl, vc, growth, hacking",데이터 엔지니어
클러스터 고가용서 유경험자 관련 학과 전공자 관련 자격증 보유자,"클러스터, 고가, 용서, 유, 경험, 관련, 학과, 전공자, 관련, 자격증, 보유",,데이터 엔지니어
GCP 등 다양한 클라우드 기반 인프라 경험이 있으신 분 오픈소스 프레임워크 Hadoop Kafka Spark 등 를 활용한 데이터 파이프라인 구축 경험이 있으신 분 시각화 도구 분석도구를 활용한 경험이 있으신 분 Airflow 운영 및 트러블 슈팅이 가능하신 분 자동화된 데이터 품질 Quality 체크를 경험해보신 분,"등, 클라우드, 기반, 인프라, 경험, 분, 오픈소스, 프레임워크, 등, 를, 활용, 데이터, 파이프라인, 구축, 경험, 분, 시각, 도구, 분석, 도구, 활용, 경험, 분, 운영, 및, 트러블, 슈팅, 분, 자동화, 데이터, 품질, 체크, 경험, 분","gcp, hadoop, kafka, spark, airflow, quality",데이터 엔지니어
DB 튜닝 및 SQL 쿼리 최적화 경험이 있으신 분 Docker Swarm Kubernetes 같은 컨테이너 오케스트레이션 시스템에서 서비스 운영 경험이 있으신 분 Tableau Redash Grafana 등 대시보드 및 BI툴을 이용한 데이터 시각화 경험이 있으신 분 MLOps 관련 구축 또는 활용 경험이 있으신 분 알고리즘 데이터구조 OS 데이터베이스 등 기본적인 전산 지식에 대한 이해를 갖추신 분 웹 크롤링 경험이 있으신 분,"튜닝, 및, 쿼리, 최적화, 경험, 분, 컨테이너, 케스트, 레이, 션, 시스템, 서비스, 운영, 경험, 분, 등, 대시보드, 및, 툴, 이용, 데이터, 시각, 경험, 분, 관련, 구축, 활용, 경험, 분, 알고리즘, 데이터, 구조, 데이터베이스, 등, 기본, 전산, 지식, 대한, 이해, 분, 웹, 크롤, 링, 경험, 분","db, sql, docker, swarm, kubernetes, tableau, redash, grafana, bi, mlops, os",데이터 엔지니어
유관부서 담당자와 원활한 커뮤니케이션이 가능하신 분 Airflow Tableau MSTR 등 분석 시각화 도구에 대한 개발 운영 경험이 있으신 분 Elasticsearch 데이터 파이프라인 구축 경험이 있으신 분 HQL ETL 툴 사용 경험이 있으신 분,"유관, 부서, 담당자, 커뮤니케이션, 분, 등, 분석, 시각, 도구, 대한, 개발, 운영, 경험, 분, 데이터, 파이프라인, 구축, 경험, 분, 툴, 사용, 경험, 분","airflow, tableau, mstr, elasticsearch, hql, etl",데이터 엔지니어
유관 경력 5년 이상 Java Kotlin Scala Python 중 1개 이상 언어로 백엔드 서버 개발 역량이 있으신 분 SQL상급 Python 중급 이상의 역량이 있으신 분 신용평가모형 개발 환경 제도 규제에 대한 이해를 바탕으로 데이터마트를 주도적으로 설계 구축 운영한 경험이 있으신 분 다양한 시각화 툴과 분석 툴을 연동해서 운영 효율을 높인 경험이 있으신 분 Airflow 운영 및 트러블슈팅이 가능하신 분,"유관, 경력, 이상, 중, 개, 이상, 언어, 백엔드, 서버, 개발, 역량, 분, 상급, 중, 이상, 역량, 분, 신용, 평가, 모형, 개발, 환경, 제도, 규제, 대한, 이해, 바탕, 데이터마트, 주도, 설계, 구축, 운영, 경험, 분, 시각, 툴, 분석, 툴, 연동, 운영, 효율, 경험, 분, 운영, 및, 트러블, 슈팅, 분","java, kotlin, scala, python, sql, python, airflow",데이터 엔지니어
Hadoop Spark 등을 통한 ETL 데이터 레이크 운용 및 엔지니어링 경험 Kubernetes 구축 운영 경험 Cloud 환경에서의 업무 경험,"등, 통한, 데이터, 레이크, 운용, 및, 엔지니어링, 경험, 구축, 운영, 경험, 환경, 업무, 경험","hadoop, spark, etl, kubernetes, cloud",데이터 엔지니어
Kubernetes의 전반적인 구성요소와 동작원리를 이해하고 있으며 Kubernetes 환경에서의 데이 터 인프라 구축의 경험이 있습니다 소프트웨어 엔지니어링 데이터 엔지니어링 데이터 분석의 도메인을 아우르는 지식과 커뮤니케이 션 능력이 있습니다 언제든 Airflow Spark와 같은 오픈소스의 코드를 직접 딥다이브 할 수 있는 의지와 능력이 있습 니다,"의, 전반, 구성요소, 원리, 이해, 환경, 데이, 터, 인프라, 구축, 경험, 소프트웨어, 엔지니어링, 데이터, 엔지니어링, 데이터, 분석, 도메인, 지식, 커뮤, 케이, 션, 능력, 언제, 오픈소스, 코드, 직접, 딥, 다이브, 수, 의지, 능력, 습","kubernetes, kubernetes, airflow, spark",데이터 엔지니어
AWS GCP 등 클라우드 환경에서 데이터 플랫폼 구축 및 운영 경험이 있으신 분 대용량 분산 시스템 Hadoop Spark Kafka Hive 등 운영 경험이 있으신 분 데이터 시각화 도구 Tableau Redash 활용 경험이 있으신 분 쿠버네티스 환경에서 데이터 파이프라인 도구 구축 및 운영 경험이 있으신 분,"등, 클라우드, 환경, 데이터, 플랫폼, 구축, 및, 운영, 경험, 분, 용량, 분산, 시스템, 등, 운영, 경험, 분, 데이터, 시각, 도구, 활용, 경험, 분, 쿠버, 티스, 환경, 데이터, 파이프라인, 도구, 구축, 및, 운영, 경험, 분","aws, gcp, hadoop, spark, kafka, hive, tableau, redash",데이터 엔지니어
Python 등 기본 프로그래밍이 가능하신 분 데이터 검수 소프트웨어 QA 엔지니어링 또는 SDET Software Development Engineer in Test 경력을 보유하신 분 다양한 프로젝트를 동시에 관리하고 우선순위를 지정할 수 있는 검증된 능력을 보유하신 분,"등, 기본, 프로그래밍, 분, 데이터, 검수, 소프트웨어, 엔지니어링, 경력, 보유, 분, 프로젝트, 동시, 관리, 우선, 순위, 지정, 수, 검증, 능력, 보유, 분","python, qa, sdet, software, development, engineer, in, test",데이터 엔지니어
대용량 데이터 분석 경험 Tableau 시각화 Google Analytics Snowflake GIS,"용량, 데이터, 분석, 경험, 시각","tableau, google, analytics, snowflake, gis",데이터 엔지니어
온프레미스 기반 서버 네트워크 설계 구축 경험이 있는 분 우대 Data lake 구축 프로젝트 리딩 경험이 있는 분 우대 Hadoop eco system 에 대한 이해도가 높은 분 우대 고가용성 시스템 설계 구축 가능한 분 우대,"프레, 미스, 기반, 서버, 네트워크, 설계, 구축, 경험, 분, 우대, 구축, 프로젝트, 리딩, 경험, 분, 우대, 대한, 이해도, 분, 우대, 고가용성, 시스템, 설계, 구축, 분, 우대","data, lake, hadoop, eco, system",데이터 엔지니어
데이터 전처리 및 시각화 경험이 있는 분 Apache Spark를 활용한 데이터 처리 또는 데이터 플랫폼 구성 경험을 가지고 계신 분 데이터 관리 또는 활용을 위한 도구 웹 애플리케이션 등 개발 경험이 있는 분,"데이터, 처리, 및, 시각, 경험, 분, 를, 활용, 데이터, 처리, 데이터, 플랫폼, 구성, 경험, 가지, 분, 데이터, 관리, 활용, 위, 도구, 웹, 애플리케이션, 등, 개발, 경험, 분","apache, spark",데이터 엔지니어
AI ML 관련 프로젝트 경험 통계 데이터 분석 관련 지식 영상 처리 컴퓨터비전 관련 경험 의료 헬스케어 데이터 관련 경험,"관련, 프로젝트, 경험, 통계, 데이터, 분석, 관련, 지식, 영상, 처리, 컴퓨터, 관련, 경험, 의료, 헬, 스케, 데이터, 관련, 경험","ai, ml",데이터 엔지니어
GCP 등 다양한 클라우드 기반 인프라 경험이 있으신 분 오픈소스 프레임워크 Hadoop Kafka Spark 등 를 활용한 데이터 파이프라인 구축 경험이 있으신 분 시각화 도구 분석도구를 활용한 경험이 있으신 분 Airflow 운영 및 트러블 슈팅이 가능하신 분 자동화된 데이터 품질 Quality 체크를 경험해보신 분,"등, 클라우드, 기반, 인프라, 경험, 분, 오픈소스, 프레임워크, 등, 를, 활용, 데이터, 파이프라인, 구축, 경험, 분, 시각, 도구, 분석, 도구, 활용, 경험, 분, 운영, 및, 트러블, 슈팅, 분, 자동화, 데이터, 품질, 체크, 경험, 분","gcp, hadoop, kafka, spark, airflow, quality",데이터 엔지니어
쿠버네티스 기반의 서비스 운영 경험이 있으신 분 AWS GCP 클라우드 환경에서 데이터 인프라 구축 및 운영 경험이 있으신 분 핀테크 업계 근무 경력이 있으신 분 분산 환경에서 대용량 데이터 및 실시간 데이터 처리 경험이 있으신 분 테라폼을 활용한 인프라 리소스 관리 경험이 있으신 분,"쿠버, 티스, 기반, 서비스, 운영, 경험, 분, 클라우드, 환경, 데이터, 인프라, 구축, 및, 운영, 경험, 분, 핀, 테크, 업계, 근무, 경력, 분, 분산, 환경, 용량, 데이터, 및, 실시간, 데이터, 처리, 경험, 분, 테라, 폼, 활용, 인프라, 리소스, 관리, 경험, 분","aws, gcp",데이터 엔지니어
BI 솔루션 MS Power BI Tableau QLIK 등 관련 경력자 MS 파워쿼리 또는 DAX 함수 사용이 능숙하신 분 SQL Query 가능하신 분 또는 DB 이해도가 높으신 분 PPT 또는 Excel 함수 VBA 등에 능숙하신 분 Shell 또는 MS PowerShell 사용이 가능하신 분 Python 사용 가능하신 분 논리적이고 분석적인 사고를 갖추신 분,"솔루션, 등, 관련, 경력, 파워, 쿼리, 함수, 사용, 분, 분, 이해도, 분, 함수, 등, 분, 사용, 분, 사용, 분, 논리, 분석, 사고, 분","bi, ms, power, bi, tableau, qlik, ms, dax, sql, query, db, ppt, excel, vba, shell, ms, powershell, python",데이터 엔지니어
AWS RDS Aurora 등 AWS 클라우드 경험 Redis DynamoDB 등 사용 경험 데이터베이스 관련 자격증 소유 초보 이상 수준의 Python 프로그래밍에 대한 이해 스크립트 작성 경험 MLOps 구현 경험자,"등, 클라우드, 경험, 등, 사용, 경험, 데이터베이스, 관련, 자격증, 소유, 초보, 이상, 수준, 프로그래밍, 대한, 이해, 스크립트, 작성, 경험, 구현, 경험","aws, rds, aurora, aws, redis, dynamodb, python, mlops",데이터 엔지니어
AUTOSAR 혹은 차량 network 진단 개발 경험이 있으신 분 차량 진단기 장비 숙련 사용이 가능하신 분,"차량, 진단, 개발, 경험, 분, 차량, 진, 단기, 장비, 숙련, 사용, 분","autosar, network",데이터 엔지니어
REST API에 대한 이해 자연어 처리 및 딥러닝 모델에 대한 이해 RDS SQL에 대한 이해 Redis 사용경험 RabbitMQ 메시지큐에 대한 이해 multi threadding multi processing 개발 경험,"대한, 이해, 자연어, 처리, 및, 딥, 러닝, 모델, 대한, 이해, 대한, 이해, 사용, 경험, 메시, 지큐, 대한, 이해, 개발, 경험","rest, api, rds, sql, redis, rabbitmq, multi, threadding, multi, processing",데이터 엔지니어
결제 기능 개발 경험 AdonisJS 프레임워크를 활용한 개발 경험 Python 개발 경험 AWS를 이용한 개발 경험,"결제, 기능, 개발, 경험, 프레임워크, 활용, 개발, 경험, 개발, 경험, 를, 이용, 개발, 경험","adonisjs, python, aws",데이터 엔지니어
CSTE ISTQB CSTS 등의 품질 자격증이 있으신 분 자기 주도적 QA 진행 경험이 있으신 분 CI CD 에 대한 이해 및 경험이 있으신 분 프로젝트나 업무 프로세스 개선을 주도적으로 진행한 경험이 있으신 분,"등, 품질, 자격증, 분, 자기, 주도, 진행, 경험, 분, 대한, 이해, 및, 경험, 분, 프로젝트, 업무, 프로세스, 개선, 주도, 진행, 경험, 분","cste, istqb, csts, qa, ci, cd",데이터 엔지니어
리눅스 활용능력 보유자 소프트웨어 공학 및 테스팅 도메인 지식이 있으신 분 CSTE ISTQB CSTS 등의 품질 자격증이 있으신 분,"리눅스, 활용, 능력, 보유, 소프트웨어, 공학, 및, 테, 스팅, 도메인, 지식, 분, 등, 품질, 자격증, 분","cste, istqb, csts",데이터 엔지니어
데이팅 산업에 대한 경험과 이해보다는 플랫폼 O2O 비즈니스에 대한 관심과 경험이 더 중요합니다 스타트업에서 데이터 파이프라인 인프라 구축 경험이 있는 분 스타트업 근무 경력자 및 근무 희망자 플랫폼 O2O 비즈니스에 대한 관심과 경험이 있으신 분 데이터 플랫폼을 주도적으로 만들어보신 분 앱 데이터를 분석하고 이를 바탕으로 프로덕트를 개선한 경험이 있으신 분,"데이팅, 산업, 대한, 경험, 이해, 플랫폼, 비즈니스, 대한, 관심, 경험, 더, 스타트업, 데이터, 파이프라인, 인프라, 구축, 경험, 분, 스타트업, 근무, 경력, 및, 근무, 희망, 플랫폼, 비즈니스, 대한, 관심, 경험, 분, 데이터, 플랫폼, 주도, 보신, 분, 앱, 데이터, 분석, 바탕, 프로덕트, 개선, 경험, 분","o, o, o, o",데이터 엔지니어
컴퓨터공학 관련 전공자이신 분 다양한 환경에서 데이터 수집 해보신 분 Airflow 사용 경험이 있으신 분 데이터 레이크 구축 경험이 있으신 분 Docker Kubernetes 사용 경험이 있으신 분 Javascript 사용 가능자 미술 산업에 이해도가 있으신 분,"컴퓨터공학, 관련, 전공자, 분, 환경, 데이터, 수집, 분, 사용, 경험, 분, 데이터, 레이크, 구축, 경험, 분, 사용, 경험, 분, 사용, 가능, 미술, 산업, 이해도, 분","airflow, docker, kubernetes, javascript",데이터 엔지니어
이런 경험이 있다면 더 좋습니다 Data Warehouse 환경 경험 Data Mart 설계 구축 경험 있으신 분 데이터 관련 문제 해결 경험 있으신 분 해결하고자 하는 문제에 맞게 올바른 아키텍처를 설계할 수 있으신 분 동료와의 원활한 커뮤니케이션 및 피드백을 통한 협업 경험이 있으신 분,"경험, 더, 환경, 경험, 설계, 구축, 경험, 분, 데이터, 관련, 문제, 해결, 경험, 분, 해결, 문제, 아키텍처, 설계, 수, 분, 동료, 커뮤니케이션, 및, 피드백, 통한, 협업, 경험, 분","data, warehouse, data, mart",데이터 엔지니어
알고리즘 데이터구조 OS 데이터베이스 등 기본적인 전산 지식에 대한 이해를 갖추신 분 컨테이너 기반의 서비스 배포에 익숙하신 분 클라우드 환경에서의 개발 및 운영 경험이 있으신 분 필요 시 간단한 데이터 어플리케이션의 웹 프론트엔드 개발 및 지원 가능하신 분 소프트웨어 개발 관련 전공 학위 혹은 그에 준하는 지식이나 경험을 가지신 분 기술적 문제를 해결하는 과정을 즐기시는 분 모르는 것을 공부하는데 적극적이고 이를 공유하여 조직 전체의 발전에 긍정적인 영향을 미칠 수 있는 분,"알고리즘, 데이터, 구조, 데이터베이스, 등, 기본, 전산, 지식, 대한, 이해, 분, 컨테이너, 기반, 서비스, 배포, 분, 클라우드, 환경, 개발, 및, 운영, 경험, 분, 필요, 시, 데이터, 어플리케이션, 웹, 프론트엔드, 개발, 및, 지원, 분, 소프트웨어, 개발, 관련, 전공, 학위, 그, 준, 지식, 경험, 분, 기술, 문제, 해결, 과정, 분, 것, 공부, 적극, 공유, 조직, 전체, 발전, 긍정, 영향, 수, 분",os,데이터 엔지니어
유연성 긍정적인 마인드 열정 부동산 도메인에 대한 이해와 관심 Tableau Certificate Associate Consultant 자격증 보유 Tableau 기반 대시보드 구축 경험 및 현업 운영 경험 데이터 통합 DM DW 및 데이터 표준화 기획 및 운영 경험,"유연성, 긍정, 마인드, 열정, 부동산, 도메인, 대한, 이해, 관심, 자격증, 보유, 기반, 대시보드, 구축, 경험, 및, 업, 운영, 경험, 데이터, 통합, 및, 데이터, 표준화, 기획, 및, 운영, 경험","tableau, certificate, associate, consultant, tableau, dm, dw",데이터 엔지니어
AWS와 AWS의 서비스 GLUE EMR EKS Redshift 를 다뤄 본 경험이 있는 분 대규모 분산 시스템에서 대량 데이터를 처리하는 데 필요한 기술과 경험 Hadoop Spark Hive Kafka 등 이 있는 분 금융업계 도메인에서 요구하는 보안항목들을 이해하며 규제 범위 내에서의 작업 경험이 있는 분 ETL 파이프라인을 통해 BI 시각화를 위한 툴 QuickSight Looker Tableau 등 에 리포팅 해본 경험이 있는 분,"의, 서비스, 를, 경험, 분, 대규모, 분산, 시스템, 대량, 데이터, 처리, 데, 기술, 경험, 등, 이, 분, 금융업, 도메인, 요구, 보안, 항목, 이해, 규제, 범위, 내, 작업, 경험, 분, 파이프라인, 통해, 시각, 위, 툴, 등, 리, 포팅, 경험, 분","aws, aws, glue, emr, eks, redshift, hadoop, spark, hive, kafka, etl, bi, quicksight, looker, tableau",데이터 엔지니어
스타트업에서 데이터 파이프라인 인프라 구축 경험이 있는 분 스타트업 근무 경력자 및 근무 희망자 플랫폼 O2O 비즈니스에 대한 관심과 경험이 있으신 분 데이터 플랫폼을 주도적으로 만들어보신 분 앱 데이터를 분석하고 이를 바탕으로 프로덕트를 개선한 경험이 있으신 분,"스타트업, 데이터, 파이프라인, 인프라, 구축, 경험, 분, 스타트업, 근무, 경력, 및, 근무, 희망, 플랫폼, 비즈니스, 대한, 관심, 경험, 분, 데이터, 플랫폼, 주도, 보신, 분, 앱, 데이터, 분석, 바탕, 프로덕트, 개선, 경험, 분","o, o",데이터 엔지니어
게임 라이브 서비스 경험자 Python Pandas 혹은 Dask 실무 활용 경험이 있으신 분 AWS 클라우드 플랫폼 사용에 익숙하신 분 인프라 자동화와 배포 모니터링 환경을 구축한 경험이 있으신 분 기초적인 통계 지식을 갖추신 분 서비스 장애를 경험하고 극복해본 경험이 있으신 분 Vue js React 등 웹 프레임워크를 이용한 웹 개발 경험이 있으신 분,"게임, 라이브, 서비스, 경험, 실무, 활용, 경험, 분, 클라우드, 플랫폼, 사용, 분, 인프라, 자동화, 배포, 모니터링, 환경, 구축, 경험, 분, 기초, 통계, 지식, 분, 서비스, 장애, 경험, 극복, 경험, 분, 등, 웹, 프레임워크, 이용, 웹, 개발, 경험, 분","python, pandas, dask, aws, vue, js, react",데이터 엔지니어
이런 경험이 있다면 더 좋습니다 통계 모델링 머신 러닝 등에 대한 이해와 경험이 있으신 분 AWS 서비스 개발 또는 사용 경험이 있으신 분 Linux 환경에 대한 깊은 이해 또는 트러블슈팅 경험이 있으신 분 좋은 개발 문화에 대해 고민한 경험이 있으신 분,"경험, 더, 통계, 모델링, 머신, 러닝, 등, 대한, 이해, 경험, 분, 서비스, 개발, 사용, 경험, 분, 환경, 대한, 이해, 트러블, 슈팅, 경험, 분, 개발, 문화, 대해, 고민, 경험, 분","aws, linux",데이터 엔지니어
데이터 분석 솔루션이나 플랫폼 구축 프로젝트 리딩 경험이 있는 분 실시간 데이터 분석 파이프라인 구축 관련 경험이 있는 분,"데이터, 분석, 솔루션, 플랫폼, 구축, 프로젝트, 리딩, 경험, 분, 실시간, 데이터, 분석, 파이프라인, 구축, 관련, 경험, 분",,데이터 엔지니어
규모있는 백엔드 시스템 구축 경험이 있는 분 실시간 데이터를 활용한 백엔드 시스템 구축 경험이 있는 분 다양한 유형의 데이터베이스 운영 경험이 있는 분 GraphQL API 개발 경험이 있는 분,"규모, 백엔드, 시스템, 구축, 경험, 분, 실시간, 데이터, 활용, 백엔드, 시스템, 구축, 경험, 분, 유형, 데이터베이스, 운영, 경험, 분, 개발, 경험, 분","graphql, api",데이터 엔지니어
관련 직무 경력 5년 이상 데이터 분석 솔루션이나 플랫폼 구축 프로젝트 리딩 경험이 있는 분 실시간 데이터 분석 파이프라인 구축 관련 경험이 있는 분,"관련, 직무, 경력, 이상, 데이터, 분석, 솔루션, 플랫폼, 구축, 프로젝트, 리딩, 경험, 분, 실시간, 데이터, 분석, 파이프라인, 구축, 관련, 경험, 분",,데이터 엔지니어
관련 전공자 각종 대회 입상자,"관련, 전공자, 각종, 대회, 입상",,데이터 엔지니어
Apache Spark 기반 프로덕트 개발 경험 AWS 또는 클라우드 기반 데이터 인프라 구축 및 운영 경험 데이터 시각화 또는 BI툴 Tableau Apache Superset Power BI 등 활용 경험 데이터 프로세싱부터 분석 모델링까지 결과를 도출할 수 있는 분,"기반, 프로, 덕트, 개발, 경험, 클라우드, 기반, 데이터, 인프라, 구축, 및, 운영, 경험, 데이터, 시각, 툴, 등, 활용, 경험, 데이터, 프로세싱, 분석, 모델링, 결과, 도출, 수, 분","apache, spark, aws, bi, tableau, apache, superset, power, bi",데이터 엔지니어
통계 학과 전공 또는 이와 동등한 수준의 지식을 보유한 분 MLOps를 구축해 본 경험이 있는 분 scikit learn tensorflow pytorch 등의 머신러닝 딥러닝 라이브러리를 사용해 본 분 데이터 지표 분석 툴 프로그램 사용 경험이 있는 분 BigQuery Tableau 등 Kaggle Dacon 경진대회 참가 및 머신러닝 경험이 있는 분 다양한 사람들과 적극적으로 소통하며 문제를 해결하는 팀 플레이어 성향인 분 에듀테크 스타트업 경험이 있는 분 PM 디자이너 개발자 등 다양한 직군과의 협업을 좋아하는 분 데이터 모델 개발이나 데이터를 다루는 열정이 있는 분 논리적으로 커뮤니케이션하고 토론에 적극적인 분 네이밍과 읽기 쉬운 코드에 대해서 고민을 많이 하는 분 새로운 기술을 배우는 것에 즐거움을 느끼는 분,"통계, 학과, 전공, 이, 동등, 수준, 지식, 보유, 분, 를, 구축, 경험, 분, 등, 머신, 러닝, 딥, 러닝, 라이브러리, 사용, 분, 데이터, 지표, 분석, 툴, 프로그램, 사용, 경험, 분, 등, 경진, 대회, 참가, 및, 머신, 러닝, 경험, 분, 사람, 적극, 소통, 문제, 해결, 팀, 플레이어, 성향, 분, 에듀, 테크, 스타트업, 경험, 분, 디자이너, 개발자, 등, 직, 협업, 분, 데이터, 모델, 개발, 데이터, 열정, 분, 논리, 커뮤니케이션, 토론, 적극, 분, 밍, 코드, 대해, 고민, 분, 기술, 것, 즐거움, 분","mlops, scikit, learn, tensorflow, pytorch, bigquery, tableau, kaggle, dacon, pm",데이터 엔지니어
크립토퀀트의 기업문화와 잘 맞는 분 대규모 알람 혹은 내부 MQ 인프라를 직접 구축해보신 분 Data Engineering 직무를 해본 경험이 있거나 그에 준하는 지식이 있으신 분 Data 기반의 Platform에서의 개발 경험이 있으신 분 블록체인 노드 운영 혹은 온체인 데이터에 대한 지식이 있으신 분 AWS 사용 경험이 3년 이상이신 분 RDB or NoSQL 데이터베이스와 관련된 경험이 3년 이상이신 분 PostgresSQL을 이용하여 Replication Failover 등 Database에 관해 깊이 운영해 보신 분 영어로 능숙하게 소통할 수 있는 분,"크립토퀀트, 기업, 문화, 분, 대규모, 알람, 내부, 인프라, 직접, 구축, 분, 직무, 경험, 그, 준, 지식, 분, 기반, 개발, 경험, 분, 블록, 체인, 노드, 운영, 체인, 데이터, 대한, 지식, 분, 사용, 경험, 이상, 분, 데이터베이스, 관련, 경험, 이상, 분, 이용, 등, 관해, 깊이, 운영, 보신, 분, 영어, 소통, 수, 분","mq, data, engineering, data, platform, aws, rdb, or, nosql, postgressql, replication, failover, database",데이터 엔지니어
크립토퀀트의 기업문화와 잘 맞는 분 RDB or NoSQL 데이터베이스와 관련된 경험이 3년 이상이신 분 PostgresSQL을 이용하여 Replication Failover 등 Database에 관해 깊이 운영해 보신 분 데이터 파이프라이닝 자동화를 위한 CI CD 및 모니터링 시스템 구축 경험이 있으신 분 Cloud hosting service especially AWS 를 깊이 사용하고 관리해보신 분 BigQuery Redshift Spark와 같은 빅데이터 웨어하우징 솔루션을 다뤄본 경험이 있으신 분 블록체인 노드 e g Bitcoin Ethereum 운영 혹은 온체인 데이터에 대한 경험이 있으신 분 투자 암호화폐 금융 분야에 대한 관심이 있으신 분 영어로 능숙하게 소통할 수 있는 분,"크립토퀀트, 기업, 문화, 분, 데이터베이스, 관련, 경험, 이상, 분, 이용, 등, 관해, 깊이, 운영, 보신, 분, 데이터, 파이프, 라이닝, 자동화, 위, 및, 모니터링, 시스템, 구축, 경험, 분, 를, 깊이, 사용, 관리, 분, 빅데이터, 웨어, 징, 솔루션, 경험, 분, 블록, 체인, 노드, 운영, 체인, 데이터, 대한, 경험, 분, 투자, 암호, 화폐, 금융, 분야, 대한, 관심, 분, 영어, 소통, 수, 분","rdb, or, nosql, postgressql, replication, failover, database, ci, cd, cloud, hosting, service, especially, aws, bigquery, redshift, spark, e, g, bitcoin, ethereum",데이터 엔지니어
데이터 레이블링 경험 머신러닝 딥러닝에 대한 관심이 많으신 분 데이터 엔지니어로써 성장하고 싶으신 분,"데이터, 레이블, 링, 경험, 머신, 러닝, 딥, 러닝, 대한, 관심, 분, 데이터, 엔지니어, 로써, 분",,데이터 엔지니어
Cloud 기반의 파이프라인 구축 및 운영 경험이 있으신 분 대규모 분산처리 시스템 개발 및 운영 경험자,"기반, 파이프라인, 구축, 및, 운영, 경험, 분, 대규모, 분산, 처리, 시스템, 개발, 및, 운영, 경험",cloud,데이터 엔지니어
경력 지원자의 경우 필수사항 입니다 terraform 을 통한 cloud infra 관리 가능하신 분 cloud 종류 무관 java scala python 능숙하신 분 분산 처리 시스템에 대한 이해 및 경험을 보유하신 분 git 을 이용한 협업 경험 및 이를 이용한 CI 프로세스 경험을 보유하신 분 stream batch data pipeline 의 인프라 이해 및 사용 경험을 보유하신 분 docker system 이해 및 사용 경험을 보유하신 분 런핏을 통해 학습하고 완료한 러닝패스 가 있으신 분 혹은 직접 제작하신 분,"경력, 지원, 자의, 경우, 필수, 사항, 통한, 관리, 분, 종류, 무관, 분, 분산, 처리, 시스템, 대한, 이해, 및, 경험, 보유, 분, 이용, 협업, 경험, 및, 이용, 프로세스, 경험, 보유, 분, 의, 인프라, 이해, 및, 사용, 경험, 보유, 분, 이해, 및, 사용, 경험, 보유, 분, 런핏, 통해, 학습, 완료, 러닝, 패스, 분, 직접, 제작, 분","terraform, cloud, infra, cloud, java, scala, python, git, ci, stream, batch, data, pipeline, docker, system",데이터 엔지니어
정형 비정형 데이터 처리 경험이 있으신 분 Data Mart Data Warehouse Data Lake 구축 운영을 해보신 분 데이터 표준화 및 품질관리 업무를 경험해 보신 분 Power BI 활용 경험이 있으신 분 R Python Pyspark Programming 경험이 있으신 분,"정형, 비정, 데이터, 처리, 경험, 분, 구축, 운영, 분, 데이터, 표준화, 및, 품질, 관리, 업무, 경험, 보신, 분, 활용, 경험, 분, 경험, 분","data, mart, data, warehouse, data, lake, power, bi, r, python, pyspark, programming",데이터 엔지니어
온체인 데이터 DB 구축 경험 블록체인 및 암호화폐에 대한 높은 이해도 온체인 데이터 분석 툴 Dune Analytics Messari 등 사용 경험 영어 의사소통 및 문서 작성에 어려움이 없는 분,"체인, 데이터, 구축, 경험, 블록, 체인, 및, 암호, 화폐, 대한, 이해도, 체인, 데이터, 분석, 툴, 등, 사용, 경험, 영어, 의사소통, 및, 문서, 작성, 어려움, 분","db, dune, analytics, messari",데이터 엔지니어
머신러닝 확률 모델링 피쳐 엔지니어링에 능숙하신 분 대규모 데이터 처리 Spark Hadoop 관련 경험 Airflow Kubeflow 활용 경험,"머신, 러닝, 확률, 모델링, 피, 엔지니어링, 분, 대규모, 데이터, 처리, 관련, 경험, 활용, 경험","spark, hadoop, airflow, kubeflow",데이터 엔지니어
docker 이미지 빌드 및 운영 경험 보유 git을 이용한 소스 관리 경험 보유 Apache Spark를 이용한 대용량 데이터 처리 경험 보유 digdag airflow 등 workflow 엔진 활용 경험 nginx 활용 경험 BI Tool 활용 경험 confluence jira 등 활용 경험,"이미지, 빌드, 및, 운영, 경험, 보유, 이용, 소스, 관리, 경험, 보유, 를, 이용, 용량, 데이터, 처리, 경험, 보유, 등, 엔진, 활용, 경험, 활용, 경험, 활용, 경험, 등, 활용, 경험","docker, git, apache, spark, digdag, airflow, workflow, nginx, bi, tool, confluence, jira",데이터 엔지니어
대용량 DB SQL 성능 튜닝 경험이 있으신 분 빅데이터 관련 서비스 개발 경험이 있으신 분 빅데이터 프로젝트를 3건 이상 수행해본 경험이 있으신 분,"용량, 성능, 튜닝, 경험, 분, 빅데이터, 관련, 서비스, 개발, 경험, 분, 빅데이터, 프로젝트, 건, 이상, 수행, 경험, 분","db, sql",데이터 엔지니어
컴퓨터공학 빅데이터 관련 학과 전공하신 분이면 좋아요 빅데이터 관련 교육 이수자 이신 분이면 좋아요 석사학위 이상 소지자이신 분이면 좋아요 나는 남들과는 다른 엔지니어다 하는 자신감 넘치는 분 새로운 분야에 대한 도전에 적극적이고 망설이지 않으시는 분이면 최고예요,"컴퓨터공학, 빅데이터, 관련, 학과, 전공, 빅데이터, 관련, 교육, 이수자, 이신, 석사, 학위, 이상, 소지, 나, 남, 다른, 엔지니어, 자신감, 분, 분야, 대한, 도전, 적극, 최고",,데이터 엔지니어
팀 프로젝트 경험이 있으신 분 창업 스타트업 개인 프로젝트 또는 오픈소스 프로젝트 경험이 있으신 분 미디어 광고 플랫폼 또는 데이터 분석 도메인 경험이 있으신 분 마이크로서비스 프레임워크 기반 RestAPI 제작 경험이 있으신 분 여러 프로그래밍 언어 프레임워크 활용 경험이 있으신 분 Java JSP Spring 및 Django jQuery docker kubernetes 제외,"팀, 프로젝트, 경험, 분, 창업, 스타트업, 개인, 프로젝트, 오픈소스, 프로젝트, 경험, 분, 미디어, 광고, 플랫폼, 데이터, 분석, 도메인, 경험, 분, 마이크로, 서비스, 프레임워크, 기반, 제작, 경험, 분, 여러, 프로그래밍, 언어, 프레임워크, 활용, 경험, 분, 및, 제외","restapi, java, jsp, spring, django, jquery, docker, kubernetes",데이터 엔지니어
컴퓨터공학 통계학 수학 전공자 CRM관련 업무 경험자 원활한 PPT 및 커뮤니케이션 능력보유자 로그분석 툴 WiseLog WiseCollector Google Analytics Adobe Analytics 등 사용경험,"컴퓨터공학, 통계학, 수학, 전공자, 관련, 업무, 경험, 및, 커뮤니케이션, 능력, 보유, 로그, 분석, 툴, 등, 사용, 경험","crm, ppt, wiselog, wisecollector, google, analytics, adobe, analytics",데이터 엔지니어
컴퓨터공학 통계학 수학 전공자 CRM관련 업무 경험자 원활한 PPT 및 커뮤니케이션 능력보유자 로그분석 툴 WiseLog WiseCollector Google Analytics Adobe Analytics 등 사용경험,"컴퓨터공학, 통계학, 수학, 전공자, 관련, 업무, 경험, 및, 커뮤니케이션, 능력, 보유, 로그, 분석, 툴, 등, 사용, 경험","crm, ppt, wiselog, wisecollector, google, analytics, adobe, analytics",데이터 엔지니어
데이터 엔지니어 데이터 사이언티스트 교육을 수료하신 분 병렬 처리 프로그래밍을 해보신 분 Django Flask FastAPI 등의 Python API Framework를 사용해보신 분 Apache Airflow를 통해 데이터 파이프라인 구축 경험이 있으신 분 프론트엔드 웹 개발 경험이 있으신 분 누구보다 빠르게 성장하고 싶으신 분 코드를 개선하고 함께 성장하길 추구하는 분 주도적인 일정관리에 능하신 분을 원해요 새로운 기술에 관심이 많고 꾸준히 스스로 학습하시는 분을 원해요 제품을 완성하기 위해 다양한 방면으로 접근하실 수 있는 분을 원해요 긍정적 사고와 책임감을 바탕으로 원활한 커뮤니케이션을 하시는 분을 원해요 개발 지식을 공유하는 것을 좋아하시는 분을 원해요 개발에 대해 수다 떠는 것을 좋아하시는 분을 원해요,"데이터, 엔지니어, 데이터, 티스, 트, 교육, 수료, 분, 병렬, 처리, 프로그래밍, 분, 등, 를, 사용, 분, 를, 통해, 데이터, 파이프라인, 구축, 경험, 분, 프론트엔드, 웹, 개발, 경험, 분, 누구, 분, 코드, 개선, 추구, 분, 주도, 일정, 관리, 능, 분, 기술, 관심, 스스로, 학습, 분, 제품, 완성, 위해, 방면, 접근, 수, 분, 긍정, 사고, 책임감, 바탕, 커뮤니케이션, 분, 개발, 지식, 공유, 것, 분, 개발, 대해, 수다, 것, 분","django, flask, fastapi, python, api, framework, apache, airflow",데이터 엔지니어
건축 또는 디자인 데이터관리 엑셀,"건축, 디자인, 데이터, 관리, 엑셀",,데이터 엔지니어
리눅스 자격증 우대 정보처리 기사 우대,"리눅스, 자격증, 우대, 정보처리, 기사, 우대",,데이터 엔지니어
BI 대시보드 관련하여 아래 경우 중 최소 하나의 케이스에 해당하는 분 자바 스크립트 기반 웹 프레임워크 개발 경험이 있으신 분 ex React Angular Vue js BI 툴 이용하여 개발 경험이 있으신 분 ex Tableau Power BI Looker 등 오픈소스 통한 BI 개발 경험이 있으신 분 ex Redash Superset 빅데이터 프레임워크 관련 아래 경우 중 최소 하나의 케이스 해당하는 분 Scala Python 기반의 Spark 배치 또는 Zeppelin 데이터브릭스 노트북 통해 개발 경험이 있는 분 Athena Redshift BigQuery 개발 경험을 보유하신 분 MapReduce 또는 Hive 개발 경험을 보유하신 분 DBMS 관련 자격 소지자 또는 다양한 종류의 DB 운영 개발 경험이 있으신 분 Airflow 등을 활용한 워크플로우 관리 경험이 있으신 분 게임 또는 IT업계 경험 게임 도메인에 대한 이해도가 있어 데이터 분석에 관심이 있는 분 유관 부서와의 커뮤니케이션이 원활하신 분,"대시보드, 관련, 아래, 경우, 중, 최소, 하나, 케이스, 해당, 분, 자바, 스크립트, 기반, 웹, 프레임워크, 개발, 경험, 분, 툴, 이용, 개발, 경험, 분, 등, 오픈소스, 통한, 개발, 경험, 분, 빅데이터, 프레임워크, 관련, 아래, 경우, 중, 최소, 하나, 케이스, 해당, 분, 기반, 배치, 데이터, 브릭스, 노트북, 통해, 개발, 경험, 분, 개발, 경험, 보유, 분, 개발, 경험, 보유, 분, 관련, 자격, 소지, 종류, 운영, 개발, 경험, 분, 등, 활용, 워크플로우, 관리, 경험, 분, 게임, 업계, 경험, 게임, 도메인, 대한, 이해도, 데이터, 분석, 관심, 분, 유관, 부서, 커뮤니케이션, 분","bi, ex, react, angular, vue, js, bi, ex, tableau, power, bi, looker, bi, ex, redash, superset, scala, python, spark, zeppelin, athena, redshift, bigquery, mapreduce, hive, dbms, db, airflow, it",데이터 엔지니어
머신러닝 데이터마이닝 통계 수학 등 관련 분야 석 박사 학위 또는 관련 업무 3년 이상 수행하신 분 대용량 실시간 데이터 처리 아키텍처 구축과 관련된 직간접적인 경험 보유하신 분 머신러닝 딥러닝 모델 서빙 최적화 및 배포 경험 보유하신 분 딥러닝 혹은 머신러닝을 활용한 분석 과제 수행 또는 공모전 입상 경력이 있으신 분 대용량 트래픽 서비스 개발 및 운영 경험,"머신, 러닝, 데이터마이닝, 통계, 수학, 등, 관련, 분야, 석, 박사, 학위, 관련, 업무, 이상, 수행, 분, 용량, 실시간, 데이터, 처리, 아키텍처, 구축, 관련, 직, 간접, 경험, 보유, 분, 머신, 러닝, 딥, 러닝, 모델, 서빙, 최적화, 및, 배포, 경험, 보유, 분, 딥, 러닝, 머신, 러닝, 활용, 분석, 과제, 수행, 공모전, 입상, 경력, 분, 용량, 트래픽, 서비스, 개발, 및, 운영, 경험",,데이터 엔지니어
대량의 데이터를 파이프라인으로 다뤄본 경험 검색엔진을 다뤄본 경험 데이터 레이크 데이터 마트를 구축 및 운영해 본 경험 다양한 데이터베이스에 대한 이해 및 사용 경험 kafka를 활용한 환경 구축 및 운영 경험,"대량, 데이터, 파이프라인, 경험, 검색, 엔진, 경험, 데이터, 레이크, 데이터, 마트, 구축, 및, 운영, 경험, 데이터베이스, 대한, 이해, 및, 사용, 경험, 를, 활용, 환경, 구축, 및, 운영, 경험",kafka,데이터 엔지니어
AWS 등 클라우드 기반 데이터 플랫폼 구축 및 워크플로우 운영 경험이 있으신 분 대용량 데이터 파이프라인 수집 가공 분석 개발 및 운영 경험이 있으신 분 Flask NestJS 등 백엔드 프레임워크 경험이 있으신 분,"등, 클라우드, 기반, 데이터, 플랫폼, 구축, 및, 워크플로우, 운영, 경험, 분, 용량, 데이터, 파이프라인, 수집, 가공, 분석, 개발, 및, 운영, 경험, 분, 등, 백엔드, 프레임워크, 경험, 분","aws, flask, nestjs",데이터 엔지니어
k8s 기반 데이터 파이프라인 구축 및 운영 경험이 있으신 분 Data LakeHouse 개발 운영에 관심 있으신 분 DataOps MLOps 에 관심이 있으신 분 대용량 데이터 배치 처리 경험 및 데이터 스트리밍 처리에 관심이 있으신 분 BigQuery Athena Trino Hive 등 대규모 분석 엔진 활용 경험이 있으신 분 Apache Iceberg Hudi 등을 활용한 테이블 포맷 활용 경험이 있으신 분 Apache Spark Kafka 등을 활용한 실시간 데이터 동기화 경험이 있으신 분,"기반, 데이터, 파이프라인, 구축, 및, 운영, 경험, 분, 개발, 운영, 관심, 분, 관심, 분, 용량, 데이터, 배치, 처리, 경험, 및, 데이터, 스트리밍, 처리, 관심, 분, 등, 대규모, 분석, 엔진, 활용, 경험, 분, 등, 활용, 테이블, 포맷, 활용, 경험, 분, 등, 활용, 실시간, 데이터, 동기화, 경험, 분","k, s, data, lakehouse, dataops, mlops, bigquery, athena, trino, hive, apache, iceberg, hudi, apache, spark, kafka",데이터 엔지니어
클라우드 기반 빅데이터 플래폿 구축 경험자 Google AWS Azure Spark 기반 ETL 업무수행 경험자 Python 기반 데이터 크롤링 경험자 리포팅 도구 Tableau Power BI 등 사용 경험 보유,"클라우드, 기반, 빅데이터, 플래폿, 구축, 경험, 기반, 업무, 수행, 경험, 기반, 데이터, 크롤, 링, 경험, 리, 포팅, 도구, 등, 사용, 경험, 보유","google, aws, azure, spark, etl, python, tableau, power, bi",데이터 엔지니어
Data Warehouse 운영 경험 ClickHouse 구축 및 운영 경험 Apache Spark Kafka 등을 활용한 실시간 데이터 동기화 경험이 있으신 분 시각화 도구 Power BI MSTR Superset Redash Tableau 운영 경험 Google Analytics Firebase BigQuery 등의 로그분석 툴 사용 경험 Backend 개발 경험 데이터 사이언티스트와의 협업 경험 GPU 학습 최적화 경험 Tensorflow PyTorch ML 서비스에 필요한 학습 데이터 파이프라인 서빙 시스템 개발 및 운영,"운영, 경험, 구축, 및, 운영, 경험, 등, 활용, 실시간, 데이터, 동기화, 경험, 분, 시각, 도구, 운영, 경험, 등, 로그, 분석, 툴, 사용, 경험, 개발, 경험, 데이터, 티스, 트, 협업, 경험, 학습, 최적화, 경험, 서비스, 학습, 데이터, 파이프라인, 서빙, 시스템, 개발, 및, 운영","data, warehouse, clickhouse, apache, spark, kafka, power, bi, mstr, superset, redash, tableau, google, analytics, firebase, bigquery, backend, gpu, tensorflow, pytorch, ml",데이터 엔지니어
주도적으로 문제를 해결하고 개선하고자 하는 의지를 가진 분 e커머스 관련 데이터 처리 플랫폼을 개발해 본 또는 준하는 경험을 하신 분 단순하게 반복되는 업무로 고생하는 나와 동료를 위해 누가 요청하지 않았어도 프로세스 개선을 제안하거나 자동화 솔루션을 개발해보신 분 헬스케어 도메인에서 무언가를 이뤄보고 싶으신 분 Data Engineering 관련 팀에 대한 팀 빌딩이나 리딩을 경험한 분,"주도, 문제, 해결, 개선, 의지, 분, 커머스, 관련, 데이터, 처리, 플랫폼, 개발, 준, 경험, 분, 반복, 업무, 고생, 동료, 위해, 누가, 요청, 프로세스, 개선, 제안, 거나, 자동화, 솔루션, 개발, 분, 헬, 스케, 도메인, 무언가, 보고, 분, 관련, 팀, 대한, 팀, 빌딩, 리딩, 경험, 분","e, data, engineering",데이터 엔지니어
AWS GCP 등 클라우드 서비스 활용 경험 있으신 분 통계 산출 가능하신 분 차트 가능 하신 분,"등, 클라우드, 서비스, 활용, 경험, 분, 통계, 산출, 분, 차트, 가능, 분","aws, gcp",데이터 엔지니어
컨테이너 환경에서의 데이터 엔지니어링 업무에 익숙하신 분 AWS kubernetes 및 클라우드 서비스 기반 인프라 구축 및 운영 경험자 Re Dash Superset과 같은 오픈소스 기반의 BI도구 사용 경험자 대용량 데이터 처리에 대한 풍부한 경험자 해외에 서비스되는 게임으로 외국 문화 및 언어에 관심있으신 분,"컨테이너, 환경, 데이터, 엔지니어링, 업무, 분, 및, 클라우드, 서비스, 기반, 인프라, 구축, 및, 운영, 경험, 과, 오픈소스, 기반, 도구, 사용, 경험, 용량, 데이터, 처리, 대한, 경험, 해외, 서비스, 게임, 외국, 문화, 및, 언어, 관심, 분","aws, kubernetes, re, dash, superset, bi",데이터 엔지니어
이런 분이면 바로 지원하시는 걸 추천해요 Spark Kafka 및 Kafka connect stream KSQL 기반의 데이터 파이프라인 개발 및 운영 경험이 있으신 분이면 좋아요 AWS 클라우드 및 on premise 환경에서 개발 경험이 있으신 분이면 좋아요 데이터 품질 관리에 대한 니즈를 이해하고 개선시킨 경험이 있으신 분이면 좋아요 다양한 상황에서 최적의 솔루션을 찾을 수 있는 문제해결 능력과 원활한 커뮤니케이션 역량이 있으신 분이면 좋아요,"바로, 지원, 걸, 추천, 및, 기반, 데이터, 파이프라인, 개발, 및, 운영, 경험, 클라우드, 및, 환경, 개발, 경험, 데이터, 품질, 관리, 대한, 를, 이해, 개선, 경험, 상황, 최적, 솔루션, 수, 문제해결, 능력, 커뮤니케이션, 역량","spark, kafka, kafka, connect, stream, ksql, aws, on, premise",데이터 엔지니어
학술 데이터 관련 업무 수행 논문 작성 및 연구 경험 데이터베이스 RDBMS NoSQL 운영 경험 Scalable 한 분산 처리 시스템 운영 경험 웹 서비스 개발 경험 GCP 사용 경험 기계학습모델을 개발하고 학습시킨 경험 리눅스 환경 다양한 프로그래밍 언어 사용 경험 Agile Scrum Team 에서의 업무 경험 Pair Programming Code Review 경험,"학술, 데이터, 관련, 업무, 수행, 논문, 작성, 및, 연구, 경험, 데이터베이스, 운영, 경험, 분산, 처리, 시스템, 운영, 경험, 웹, 서비스, 개발, 경험, 사용, 경험, 기계학습, 모델, 개발, 학습, 경험, 리눅스, 환경, 프로그래밍, 언어, 사용, 경험, 업무, 경험, 경험","rdbms, nosql, scalable, gcp, agile, scrum, team, pair, programming, code, review",데이터 엔지니어
AWS Azure GCP 등 클라우드를 이용한 시스템 구축 및 운영 경험 Linux Bash 등 Unix 계열 시스템 활용 능력 유관부서와의 원활한 협업 및 커뮤니케이션 능력 목표 지향적인 업무 태도 책임감 있고 치열하게 고민하며 성장하는 자세,"등, 클라우드, 이용, 시스템, 구축, 및, 운영, 경험, 등, 계열, 시스템, 활용, 능력, 유관, 부서, 협업, 및, 커뮤니케이션, 능력, 목표, 지향, 업무, 태도, 책임감, 고민, 자세","aws, azure, gcp, linux, bash, unix",데이터 엔지니어
클라우드 네트워트 환경 서비스 경험자,"클라우드, 네트, 워트, 환경, 서비스, 경험",,데이터 엔지니어
