DS,DA,DE
Tableau,Tableau,Tableau
수의학,교육,교육
경력,가능,최고
경영진,기획력,가능
서면,RA,클러스터
PyTorch,경력,Unix
분산,LLM,긍정
모델링,서면,영역
유사,PyTorch,eco
모델,분산,경력
Blog,CRScube,남
Spark,모델링,외국
customizing,Docker,PyTorch
등등,대형,분산
GNN,유사,모델링
프로덕트,모델,Docker
중요,경력자,모델
다기관,이력,경력자
학위자,Spark,FastAPI
경험,정부,Spark
대회,프로덕트,KSQL
운전,Amplitude,SSIS
전기,SAS,Presto
우대,개,방면
관심,작성자,등등
논리,Analytical,MSTR
로그,탐구,아래
박사,경험,운용
대시,최적,프로덕트
학위,대회,MXNet
의지,Braze,워크플로우
파이프,DAG,중요
툴,단계,git
전체,행동,Framework
프로젝트,전기,NCP
졸업,우대,IaC
교통,추진력,최적
Scrum,관심,Terrraform
컨텐츠,논리,참가
제시,로그,경험
위치,박사,AUTOSAR
지원자,대시,딥다이브
Hive,시공간,ai
컴퓨터,전문가,대회
플랫폼,미용,OLAP
전공,기본,큐
개선,학위,Libarary
분야,컨퍼런스,니즈
입상,의지,장치
진행,디자이너,빌딩
표준,동남아,우대
유경험자,툴,긴장감
대,기관,공모전
실제,연관,관심
DBT,전체,Aurora
도메인,ADsp,논리
석사,Naver,로그
가치,프로젝트,포맷
부서,슈팅,박사
프로세스,졸업,대시
사랑,DID,confluence
시험,함양,Spring
인공,콘텐츠,플레이어
소스,재직,기본
보유자,지원자,스파크
열정,Hive,학위
연구원,컴퓨터,런핏
비즈니스,플랫폼,의지
있는,측정,리뷰
능력,투,디자이너
고객,전공,파이프
이미지,개선,workflow
길,분야,동료
BI,최신,툴
분,전문,operator
등,자동차,전체
전산,통합,슈팅
엔지니어,데이터베이스,프로젝트
가공,구성,Angular
예측,유경험자,Scrum
레드,실제,위치
층,도메인,Backend
상용,석사,지원자
산업,동종업,Bash
과학,리스크,서빙
학력,뷰티,피
python,부서,Vue
체인,조사,블로그
서울,프로세스,런칭
Squad,다양,경진
반복,인공,등록증
마케팅,영향,Hive
Agile,도출,플랫폼
Kubernetes,Setting,컴퓨터
첨부,전반,Adobe
배포,배치,NestJS
화폐,보유자,Elasticsearch
구두,비즈니스,프레임
Pandas,능력,목표
정형,신용,전공
입상자,실패,개선
성공,비전,분야
사이언스,내용,서버
헬스케어,Jira,전문
만,이미지,최신
Keras,BI,레이블링
졸업자,사내,HDFS
사람,취득자,하우징
등재,분,입상
의,등,VC
리딩,전산,통합
결과,엔지니어,데이터베이스
학회,Cuda,구성
보건,분석가,패스
운영,트러블,진행
석박사,발표자,표준
서초구,산업,유경험자
작성,보고,대
자신,SW솔루션,Mongodb
사용,체인,Ceph
algorithms,급,실제
마이닝,추론,마이그레이션
관리,계열,도메인
자율,합격,석사
데이터셋,마케팅,계정
텍스트,상황,부서
안전,창의력,정책
데이터사이언스,핸들링,ISTQB
Pytorch,협업,데이팅
적용,Funnel,프로세스
학과,화폐,메인테이너
것,구두,Grafana
생명,AppsFlyer,유형
이해,기계,PowerBI
수행,기능,인공
후,입상자,terraform
분석,인,영향
실무,튜닝,동기
연결,Python,소스
주도적,성공,전반
인사이트,담당,함수
포트폴리오,인허가,외부
피드백,BigQuery,배치
온라인,Keras,보유자
경영학,졸업자,Flink
규모,대략,열정
병렬,해당,데
통계,평소,교차
정보학,리딩,증권
Tensorflow,Mixpanel,비즈니스
제공,보안,아키텍트
적극,결과,능력
보드,학회,태도
유관,인력,테이블
전공자,운영,DynamoDB
시스템,그,커뮤니케이
주행,SRE,DL
커머스,작성,Query
강점,QuickSight,자세
효율,자신,비전
경제학,사용,특정
기업,마이닝,GraphQL
일,관리,고객
아이디어,업종,Jira
구조,Programming,이미지
GCP,웹로그,VBA
라인,Kafka,대수학
도전,수료자,BI
기반,종사,백
side,텍스트,백업
수학과,애널리스트,마이크
tool,적용,Kubemetes
금융,데이터파이프라인,복구
문서,기획,거버넌스
성과,것,AdonisJS
업무,학과,희망자
원리,OpenCL,분
계획,GIS,등
✔,이해,전산
사항,수행,엔지니어
책임감,주기,데이
환경,👉,가공
해결,후,리포팅
근무,분석,RestAPI
정보,실무,분석가
Sprint,보호,트러블
소통,주도적,네이밍
레이더,인사이트,개인
지속,거부감,상용
서비스,준실험,산업
AWS,온라인,Excel
임상,Competition,션
회사,사이트,scikit
의사소통,경영학,python
라이브러리,규모,체인
통계학,오너십,엔진
상위,초기,계열
ETL,병렬,상황
Hadoop,통계,DW
이슈,실적,공유
커뮤니케이션,제약업,RDS
가능자,GTM,Kubernetes
건강,적극,CRM
Linux,보드,자바
논문,PMO,Agile
퍼블릭,유관,배포
트렌드,영업,협업
자연어,전공자,Superset
에너지,엔지니어링,js
팀,시스템,이중
관점,HR,고민
정신,횡포,동시
과정,외국어,화폐
Client,기사,요건
연구,Redash,Pandas
역량,커머스,스타트업
Airflow,음악,프로그램
수상,전처리,기계
전자,software,기능
팀원,효율,정형
코드,예정,입상자
설계,투입,pytorch
지표,경제학,튜닝
모형,기업,지원
어려움,비지니스,Python
직접,구조,테라폼
구축,사업,온프레미스
오픈,GCP,DAX
경영,핀테크,온체인
Kaggle,기반,헬스케어
이,PMP,Growth
주도,스크립트,배경
도구,금융,타인
기술,Appsflyer,담당자
Ray,글로벌,BigQuery
사이언티스트,문서,reporting
지식,조선,기술사
자기,로컬,산출
학사,산출물,사람
영어,Databricks,Trino
시각,기록,리딩
수,시계열,보안
솔루션,리서치,체크
수학,성과,ES
경험자,도시,PPT
필요,크립토퀀트,결과
의견,업무,jQuery
석,컨설팅펌,운영
Tool,계획,docker
Git,동종,QA
게임,CRO,그
처리,사항,Mongo
딥러닝,자동,어플리케이션
문제,크롤링,SRE
RWE,환경,작성
알고리즘,공공,사용
생성,최종,마이닝
활용,실험,관리
기상,해결,주변
반려견,KPI,현업
라이다,보험,자율
지능,분석사,RabbitMQ
데이터,자격,Programming
형태,정보,Consultant
MapReduce,생산,Kafka
반려묘,Issue,파이썬
모바일,업계,경우
클라우드,framework,데이터셋
카펫,소통,플레이
블록,마켓,분당구
년,제작,Lakehouse
소지자,서비스,모니터링
NumPy,API,데이터파이프라인
구현,AWS,EMR
이해도,인프라,카탈로그
공학,임상,infra
러닝,이수자,기획
빅데이터,회사,것
스택,방법,학과
이상,보유,장비
관련,Associate,성남시
MLOps,Snowflake,범위
사고,제조,Zeppelin
자연,품질,GIS
머신,의사소통,회화
프레임워크,무관,이해
가설,인과,수행
실무자,바탕,Engineering
누구,라이브러리,Shell
약학,통계학,개발자
결제,성능,Workflow
컴퓨팅,정도,후
의료,임팩트,토론
국가,리터러시,쿠버네티스
개선점,이하,분석
효령로,Hadoop,실무
변환,커뮤니케이션,업적
용량,가능자,SaaS
프로그래밍,부문,Django
수준,소비자,피드백
언어,이공,온라인
개발,건강,nginx
테스트,Linux,규모
머신러닝,과제,병렬
체계,논문,통계
양,포지션,선형
암호,트렌드,케이스
기법,웨어하우스,Pipeline
의학,휴먼,적극
주요,팀,보드
,점,유관
,수집,진단기
,관점,엔지니어링
,과정,시스템
,연구,전공자
,Airflow,스토리지
,수립,REST
,역량,주행
,수상,SQLD
,전자,검색
,팀원,기사
,코드,Redash
,유통,유연성
,설계,커머스
,하락,네트워크
,지표,전처리
,자격증,숙련
,모형,Analytics
,빅,다수
,어려움,Ops
,최소,Redis
,페이지,tensorflow
,구축,경제학
,제품,기업
,MMP,Iceberg
,기초,구조
,영상,MQ
,패션,GCP
,이벤트,도전
,Kaggle,핀테크
,이,기반
,통신,Azure
,주도,레이크
,도구,scala
,기술,스크립트
,준,미술
,중국어,금융
,지식,Failover
,조직,직간접
,학사,라이브
,자기,문서
,영어,EKS
,시각,RDBMS
,수,Certificate
,프리랜서,HQL
,솔루션,웨어
,예정자,DataOps
,수학,manager
,실력,ELK
,전략,마인드
,제약,Azkaban
,경험자,Databricks
,문화,황새울
,국내외,차트
,세일즈포스,Bitbucket
,컨설턴트,크립토퀀트
,석,Hudi
,Git,업무
,파이프라인,원리
,숫자,우선순위
,처리,카페
,딥러닝,Oracle
,문제,Pyspark
,Solidity,부동산
,알고리즘,노드
,생성,스트리밍
,활용,자동
,MSA,사항
,대주주,무언가
,디지털,책임감
,지능,환경
,매니징,크롤링
,컨설팅,스케일링
,투자,Re
,맵,hacking
,데이터,해결
,형태,자격
,주식,근무
,컨테이너,정보
,모바일,프로그래매틱
,쿼리,차량
,클라우드,프론트엔드
,SQL,내
,고객사,업계
,년,대량
,블록,container
,Ecosystem,레이더
,지리,제작
,물류,Redshift
,구성원,서비스
,소지자,작품
,프로세싱,버전
,유,API
,자체,AWS
,구현,인프라
,마트,동작
,상승,나
,PPML,이수자
,저널,회사
,이해도,보유
,공학,Snowflake
,EDC,Associate
,러닝,네트워트
,Dacon,Javascript
,방안,소유
,빅데이터,java
,업데이트,issue
,Athena,MR
,해킹,품질
,PA,CSTS
,사회,선택
,챗봇,알람
,이상,성향
,관련,의사소통
,MLOps,무관
,사고,별
,비용,바탕
,Confluence,라이브러리
,중,Replication
,식품,통계학
,머신,자신감
,developer,규제
,가설,성능
,누구,실시간
,웹,리소스
,DevOps,multi
,Tagging,Logstash
,의료,에코시스템
,광고,ETL
,프로그래밍,오케스트레이션
,수준,디스커버리
,언어,CISA
,특허,하둡
,App,검수
,멤버,Hadoop
,직군,kubernetes
,개발,stack
,프랙티스,제외
,테스트,커뮤니케이션
,머신러닝,가능자
,체계,Nosql
,프리젠테이션,Linux
,의학,TAM
,암호,과제
,고가용,논문
,일본어,학습
,Architect,웨어하우스
,우수,자연어
,주요,팀
,출판,전산학
,부분,Firebase
,사용자,금융업
,,누
,,수집
,,GPU
,,애정
,,창업
,,대상자
,,과정
,,QLIK
,,애자일
,,셋업
,,연구
,,역량
,,Airflow
,,작업
,,OGG
,,컨트리뷰터
,,PowerShell
,,코드
,,설계
,,거
,,엔드
,,지표
,,초보
,,자격증
,,종류
,,어려움
,,jira
,,최소
,,처음
,,구축
,,제품
,,필수
,,오픈
,,리눅스
,,Java
,,학문
,,CISSP
,,기초
,,영상
,,파워
,,Kubeflow
,,Kaggle
,,이
,,외
,,주도
,,도구
,,메시지
,,애플리케이션
,,쇼핑몰
,,보훈
,,기술
,,언제
,,플로우
,,사이언티스트
,,지식
,,조직
,,네트워킹
,,자기
,,영어
,,시각
,,수
,,Scalable
,,멀티
,,솔루션
,,워크
,,수학
,,장애인
,,확률
,,Platform
,,해외
,,저장
,,경험자
,,문화
,,소프트웨어
,,airflow
,,필요
,,노트북
,,학술
,,플래폿
,,Apache
,,의견
,,석
,,large
,,Git
,,DataHub
,,digdag
,,파이프라인
,,본인
,,게임
,,처리
,,딥러닝
,,문제
,,빌드
,,앱
,,알고리즘
,,직무
,,생성
,,활용
,,요소
,,Flask
,,MSA
,,라이다
,,발전
,,미디어
,,query
,,지능
,,아키텍처
,,매니징
,,순간
,,NoSQL
,,stream
,,컨설팅
,,투자
,,호스팅사
,,Jupyter
,,데이터
,,자
,,추천
,,진단
,,Dask
,,MapReduce
,,contribution
,,완료
,,건
,,컨테이너
,,시
,,Scala
,,쿼리
,,연동
,,클라우드
,,SQL
,,년
,,InfluxDB
,,블록
,,Ecosystem
,,그때
,,추가
,,소지자
,,구성원
,,항목
,,활동
,,프로세싱
,,구현
,,각종
,,마트
,,신뢰
,,수다
,,이해도
,,공학
,,러닝
,,Dacon
,,빅데이터
,,Athena
,,이상
,,Looker
,,관련
,,MLOps
,,트래픽
,,미적분학
,,사고
,,learn
,,중
,,kafka
,,내부
,,머신
,,프레임워크
,,테스팅
,,라이닝
,,Bigdata
,,Dataguard
,,ClickHouse
,,React
,,누구
,,Database
,,웹
,,DevOps
,,결제
,,데이터브릭스
,,트래킹
,,에듀테크
,,의료
,,connect
,,광고
,,국가
,,포함
,,리텐틱스
,,니
,,용량
,,경기
,,일정
,,프로그래밍
,,수준
,,즐거움
,,언어
,,흐름
,,지향
,,PostgresSQL
,,직군
,,개발
,,프랙티스
,,테스트
,,cloud
,,이기종
,,머신러닝
,,DBMS
,,터
,,processing
,,암호
,,고가용
,,TensorFlow
,,주요
,,Messari
,,장애
,,대상
