req,Kor,Eng,label
관련 업무 경력 3년 이상인 분 시계열 데이터를 분석하여 예측에 대한 경험이 있는 분 논문 등 알고리즘에 대해 분석 후 구현 경험이 있는 분 통계분석 인공지능 머신러닝 관련 석 박사학위 또는 이에 준하는 경력을 소지하신 분 Python 언어 사용 가능,"관련, 업무, 경력, 이상인, 분, 시계열, 데이터, 분석, 예측, 대한, 경험, 분, 논문, 등, 알고리즘, 대해, 분석, 후, 구현, 경험, 분, 통계, 분석, 인공, 지능, 머신, 러닝, 관련, 석, 박사학위, 이, 준, 경력, 소지, 분, 언어, 사용, 가능",python,데이터 사이언티스트
데이터 사이언스 관련 기업 근무 연구활동 등 업무 수행 경험 블록체인 관련 기업 근무 연구활동 등 업무 수행 경험 데이터 분석 및 머신러닝 관련 언어 SQL HQL Python R 등 활용 역량 온체인 데이터 분석에 대한 이해도 보유자 선호,"데이터, 사이언스, 관련, 기업, 근무, 연구, 활동, 등, 업무, 수행, 경험, 블록, 체인, 관련, 기업, 근무, 연구, 활동, 등, 업무, 수행, 경험, 데이터, 분석, 및, 머신, 러닝, 관련, 언어, 등, 활용, 역량, 체인, 데이터, 분석, 대한, 이해도, 보유, 선호","sql, hql, python, r",데이터 사이언티스트
데이터 사이언스 관련 실무 경력 7년 이상 또는 그에 준하는 역량 보유 대용량 데이터 분석 및 머신러닝 관련 언어 SQL HQL Python R 등 활용 능력 대용량 데이터 분석을 통해 문제를 정의하고 해결할 수 있는 능력 관련 알고리즘에 대한 논문 작성 등 분석 후 구현 경험 블록체인에 대한 비지니스적 기술적 이해도 보유자 선호 Complex Network Modeling 관련 실무경험 보유자 선호,"데이터, 사이언스, 관련, 실무, 경력, 이상, 그, 준, 역량, 보유, 용량, 데이터, 분석, 및, 머신, 러닝, 관련, 언어, 등, 활용, 능력, 용량, 데이터, 분석, 통해, 문제, 정의, 해결, 수, 능력, 관련, 알고리즘, 대한, 논문, 작성, 등, 분석, 후, 구현, 경험, 블록, 체인, 대한, 비지니스, 기술, 이해도, 보유, 선호, 관련, 실무, 경험, 보유, 선호","sql, hql, python, r, complex, network, modeling",데이터 사이언티스트
관련 업무 경력 5 10년 데이터 상용화 모델링 개발역량 등 Machine Learnig 활용 데이터 분석 가능python JAVA 개발 가능자다양한 분석 툴 SQL R 등 활용 가능고객 상품 브랜드 분석 및 비즈니스 관련 인사이트 도출 경험,"관련, 업무, 경력, 데이터, 상용, 모델링, 개발, 역량, 등, 활용, 데이터, 분석, 가능, 개발, 가능, 분석, 툴, 등, 활용, 가능, 고객, 상품, 브랜드, 분석, 및, 비즈니스, 관련, 인사이트, 도출, 경험","machine, learnig, python, java, sql, r",데이터 사이언티스트
경력사항 데이터 모델링 경력 5년 이상,"경력, 사항, 데이터, 모델링, 경력, 이상",,데이터 사이언티스트
관련 분야 경력 4년 이상이신 분 Computer vision Image Video processing 이론에 대한 전반적인 이해가 있으신 분 딥러닝 프레임워크 Tensorflow PyTorch 등 를 활용한 모델 개발 및 배포 경험이 있으신 분 대용량 데이터를 분석 및 시각화해본 경험이 있으신 분 해외 출장에 결격 사유가 없는 분 팀원들과 적극적으로 소통할 수 있는 분 주도적으로 업무를 이끌어가시는 분 제출서류 자율 양식의 이력서 필수 포함내용 성향 및 업무 가치관 개발경험 성공 및 실패 경험 협업 or 프로젝트 진행 관련 개발 성과 협업 경험을 보여줄 수 있는 포트폴리오,"관련, 분야, 경력, 이상, 분, 이론, 대한, 전반, 이해, 분, 딥, 러닝, 프레임워크, 등, 를, 활용, 모델, 개발, 및, 배포, 경험, 분, 용량, 데이터, 분석, 및, 시각, 경험, 분, 해외, 출장, 결격, 사유, 분, 팀원, 적극, 소통, 수, 분, 주도, 업무, 분, 제출, 서류, 자율, 양식, 이력서, 필수, 포함, 내용, 성향, 및, 업무, 가치관, 개발, 경험, 성공, 및, 실패, 경험, 협업, 프로젝트, 진행, 관련, 개발, 성과, 협업, 경험, 수, 포트폴리오","computer, vision, image, video, processing, tensorflow, pytorch, or",데이터 사이언티스트
데이터 사이언티스트로 이런 분을 찾아요 3년 이상의 ML DL 모델링에 기반한 프로젝트 실무 경험이 있으신 분 개인화 추천 및 고객 경험 관련 모델링 경험이 있으신 분 이커머스 및 거래 데이터 도메인에 대한 이해도 혹은 관련 근무 경험이 있으신 분 Python과 SQL 프로그래밍을 능숙하게 다룰 수 있으신 분 ML DL에 대한 동작 방식과 수학적 원리에 대한 이해도가 있으신 분 함께 협업하는 사람들과 유연하게 의사소통 할 수 있으신 분,"데이터, 사이언티, 스트로, 분, 이상, 모델링, 기반, 프로젝트, 실무, 경험, 분, 개인화, 추천, 및, 고객, 경험, 관련, 모델링, 경험, 분, 이커머스, 및, 거래, 데이터, 도메인, 대한, 이해도, 관련, 근무, 경험, 분, 과, 프로그래밍, 수, 분, 대한, 동작, 방식, 수학, 원리, 대한, 이해도, 분, 협업, 사람, 의사소통, 수, 분","ml, dl, python, sql, ml, dl",데이터 사이언티스트
1 Data Science 관련 전공자 통계 수학 컴퓨터공학 산업공학 등 또는 그에 해당하는 지식을 갖추신 분2 ML DL 모델링 업무 경력 4 10년 이하 이신 분2 추천 알고리즘 자연어 처리 NLP Clustering 예측 모델 수립 최적화 경험이 있는 분3 여러 ML DL 기법들에 대한 이해도가 높으신 분4 SQL Python 등 통계 분석 프로그램을 능숙하게 다루시는 분5 데이터 분석 모델링 결과 및 비즈니스 대안을 전공자 관점에서 쉽고 명확하게 전달 가능하신 분,"관련, 전공자, 통계, 수학, 컴퓨터공학, 산업, 공학, 등, 그, 해당, 지식, 분, 모델링, 업무, 경력, 이하, 이신, 분, 추천, 알고리즘, 자연어, 처리, 예측, 모델, 수립, 최적화, 경험, 분, 여러, 기법, 대한, 이해도, 분, 등, 통계, 분석, 프로그램, 분, 데이터, 분석, 모델링, 결과, 및, 비즈니스, 대안, 전공자, 관점, 전달, 분","data, science, ml, dl, nlp, clustering, ml, dl, sql, python",데이터 사이언티스트
데이터 관련 프로젝트 또는 실무 경험을 2년 이상 가지고 계신 분 모바일 서비스 관련 데이터 관련 경험 데이터 분석 및 머신러닝 관련 언어 Python SQL R 등 를 능숙하게 활용하실 수 있는 분 주도적으로 끈질기게 데이터를 살펴서 데이터에 관련된 인사이트를 발굴해내고 이슈를 해결하는 문제 해결 능력을 가지고 계신 분,"데이터, 관련, 프로젝트, 실무, 경험, 이상, 가지, 분, 모바일, 서비스, 관련, 데이터, 관련, 경험, 데이터, 분석, 및, 머신, 러닝, 관련, 언어, 등, 를, 활용, 수, 분, 주도, 데이터, 데이터, 관련, 인사이트, 발굴, 이슈, 해결, 문제, 해결, 능력, 가지, 분","python, sql, r",데이터 사이언티스트
Data Science 관련 통계 컴퓨터공학 산업공학 수학 등 석사 이상 학위 소유자 또는 이에 준하는 관련 분야 경력 3년 이상 Python R SQL 등 데이터 분석 tool 및 Splunk Tableau 등 데이터 시각화 tool 활용 가능하신 분 의료 데이터 분석 경험 있으신 분 의료 분야에 대한 관심과 데이터를 통한 새로운 임상 가치 창출에 열정이 있는 분,"관련, 통계, 컴퓨터공학, 산업, 공학, 수학, 등, 석사, 이상, 학위, 소유자, 이, 준, 관련, 분야, 경력, 이상, 등, 데이터, 분석, 및, 등, 데이터, 시각, 활용, 분, 의료, 데이터, 분석, 경험, 분, 의료, 분야, 대한, 관심, 데이터, 통한, 임, 가치, 창, 열정, 분","data, science, python, r, sql, tool, splunk, tableau, tool",데이터 사이언티스트
AI 관련 학위 또는 실무 경험 7년 이상 석 박사 경력 인정 머신러닝 프로젝트 리딩 경험 논문을 이해하고 구현 할 수 있는 연구 및 개발 능력 데이터 기반 실험 및 모델을 실 서비스에 적용하고 개선하여 비즈니스 임팩트를 창출해 본 경험이 있으신분 다양한 직군과의 원활한 의사소통 및 협업이 가능하신 분 스스로 문제를 찾고 개선하고자 하는 분,"관련, 학위, 실무, 경험, 이상, 석, 박사, 경력, 인정, 머신, 러닝, 프로젝트, 리딩, 경험, 논문, 이해, 구현, 수, 연구, 및, 개발, 능력, 데이터, 기반, 실험, 및, 모델, 실, 서비스, 적용, 개선, 비즈니스, 임팩트, 창, 경험, 신분, 직, 의사소통, 및, 협업, 분, 스스로, 문제, 개선, 분",ai,데이터 사이언티스트
Python을 이용한 Data Analysis Process 수행 가능자 데이터 추출 핸들링 EDA Statistical Analysis Data Mining Report Deployment 등 일련의 분석 모델 개발 프로젝트 수행 Query 작성을 통해 필요 데이터에 대한 다양한 Manipulation 데이터 전처리 분석 마트 구축 등 이 가능한 자 R을 활용한 데이터 전처리 및 분석모델 개발 가능자,"이용, 수행, 가능, 데이터, 추출, 핸들링, 등, 일련, 분석, 모델, 개발, 프로젝트, 수행, 작성, 통해, 필요, 데이터, 대한, 데이터, 처리, 분석, 마트, 구축, 등, 이, 자, 활용, 데이터, 처리, 및, 분석, 모델, 개발, 가능","python, data, analysis, process, eda, statistical, analysis, data, mining, report, deployment, query, manipulation, r",데이터 사이언티스트
3년 이상의 데이터 모델링 분석 혹은 서빙 시스템 개발 경력이 있거나 그에 준하는 실력을 갖추신 분 Python SQL Spark Hadoop 등을 사용하여 대용량 데이터로 모델링 하실 수 있는 분 데이터를 활용한 알고리즘 및 머신러닝에 대한 수리적 통계적 지식이 있는 분 머신러닝 논문을 읽고 실제 서비스로 구현한 경험이 있는 분 비즈니스 이슈를 해결하기 위해 데이터 기반으로 문제를 정의할 수 있는 분 팀 플레이어로서 동료들과 함께 협력하여 문제를 해결해 나가시는 분 데이터 엔지니어부터 세일즈까지 다양한 직군의 동료들과 원활하게 커뮤니케이션 가능한 분,"이상, 데이터, 모델링, 분석, 서빙, 시스템, 개발, 경력, 그, 준, 실력, 분, 등, 사용, 용량, 데이터, 모델링, 수, 분, 데이터, 활용, 알고리즘, 및, 머신, 러닝, 대한, 수리, 통계, 지식, 분, 머신, 러닝, 논문, 실제, 서비스, 구현, 경험, 분, 비즈니스, 이슈, 해결, 위해, 데이터, 기반, 문제, 정의, 수, 분, 팀, 플레이어, 로서, 동료, 협력, 문제, 해결, 나가시, 분, 데이터, 엔지니어, 까, 직, 동료, 커뮤니케이션, 분","python, sql, spark, hadoop",데이터 사이언티스트
AI 관련 학위 또는 실무 경험 2년 이상 석 박사 경력 인정 머신러닝 프로젝트 경험 논문을 이해하고 구현 할 수 있는 연구 및 개발 능력 다양한 직군과의 원활한 의사소통 및 협업이 가능하신 분 스스로 문제를 찾고 개선하고자 하는 분,"관련, 학위, 실무, 경험, 이상, 석, 박사, 경력, 인정, 머신, 러닝, 프로젝트, 경험, 논문, 이해, 구현, 수, 연구, 및, 개발, 능력, 직, 의사소통, 및, 협업, 분, 스스로, 문제, 개선, 분",ai,데이터 사이언티스트
통계학과 수학 데이터 분석 학과 등 관련 전공자 관련 경력 3년 이상 또는 석사 졸업 이상 및 관련 경력 1년 이상,"통계학, 수학, 데이터, 분석, 학과, 등, 관련, 전공자, 관련, 경력, 이상, 석사, 졸업, 이상, 및, 관련, 경력, 이상",,데이터 사이언티스트
데이터사이언티스트 경력 5년 이상 석사 대학원 이상 학위 소지자 Python R 등 통계 분석 프로그램 능숙자 ML DL에 대한 수학적 이해와 통계적 지식 보유자 분석 예측 모델 알고리즘 관련 연구 경험,"데이터, 티스, 트, 경력, 이상, 석사, 대학원, 이상, 학위, 소지, 등, 통계, 분석, 프로그램, 능, 숙자, 대한, 수학, 이해, 통계, 지식, 보유, 분석, 예측, 모델, 알고리즘, 관련, 연구, 경험","python, r, ml, dl",데이터 사이언티스트
다양한 형태의 데이터 분석 및 모델링 가능하신 분 데이터 및 머신러닝에 대한 수학적 이해와 통계적 지식이 있는 분 최신 알고리즘을 활용하여 실제 비즈니스 문제 해결 경험이 있으신 분 3년 이상 유관 업무 경험을 보유하신 분 원활한 커뮤니케이션을 통해 분석 및 모델링 결과를 동료들과 소통 할 수 있는 분,"형태, 데이터, 분석, 및, 모델링, 분, 데이터, 및, 머신, 러닝, 대한, 수학, 이해, 통계, 지식, 분, 최신, 알고리즘, 활용, 실제, 비즈니스, 문제, 해결, 경험, 분, 이상, 유관, 업무, 경험, 보유, 분, 커뮤니케이션, 통해, 분석, 및, 모델링, 결과, 동료, 소통, 수, 분",,데이터 사이언티스트
Master s degree in a quantitative discipline e g Statistics Operations Research Bioinformatics Economics Computational Biology Computer Science Mathematics Physics Electrical Engineering Industrial Engineering or equivalent research experience 5 years of work experience in data science related fields Distinctive problem solving skills good at articulating product questions pulling data from large datasets and using statistics to arrive at a recommendation Excellent verbal and written communication skills with ability to present information and analysis results effectively Ability to build positive relationships within DSA and with our stakeholders and work effectively with cross functional partners in a global company Statistics must have strong knowledge and experience in experimental design hypothesis testing and various statistical analysis techniques such as regression or linear models Machine Learning must have deep understanding of ML algorithms i e deep learning random forest gradient boosted trees k means clustering etc and its development validation and evaluation Programming experience with Python R or other scripting language and database language e g SQL or data manipulation e g Pandas Dplyr are required,,"master, s, degree, in, a, quantitative, discipline, e, g, statistics, operations, research, bioinformatics, economics, computational, biology, computer, science, mathematics, physics, electrical, engineering, industrial, engineering, or, equivalent, research, experience, years, of, work, experience, in, data, science, related, fields, distinctive, problem, solving, skills, good, at, articulating, product, questions, pulling, data, from, large, datasets, and, using, statistics, to, arrive, at, a, recommendation, excellent, verbal, and, written, communication, skills, with, ability, to, present, information, and, analysis, results, effectively, ability, to, build, positive, relationships, within, dsa, and, with, our, stakeholders, and, work, effectively, with, cross, functional, partners, in, a, global, company, statistics, must, have, strong, knowledge, and, experience, in, experimental, design, hypothesis, testing, and, various, statistical, analysis, techniques, such, as, regression, or, linear, models, machine, learning, must, have, deep, understanding, of, ml, algorithms, i, e, deep, learning, random, forest, gradient, boosted, trees, k, means, clustering, etc, and, its, development, validation, and, evaluation, programming, experience, with, python, r, or, other, scripting, language, and, database, language, e, g, sql, or, data, manipulation, e, g, pandas, dplyr, are, required",데이터 사이언티스트
관련 업무 경력 3년 이상인 분 시계열 데이터를 분석하여 예측에 대한 경험이 있는 분 논문 등 알고리즘에 대해 분석 후 구현 경험이 있는 분 통계분석 인공지능 머신러닝 관련 석 박사학위 또는 이에 준하는 경력을 소지하신 분 Python 언어 사용 가능,"관련, 업무, 경력, 이상인, 분, 시계열, 데이터, 분석, 예측, 대한, 경험, 분, 논문, 등, 알고리즘, 대해, 분석, 후, 구현, 경험, 분, 통계, 분석, 인공, 지능, 머신, 러닝, 관련, 석, 박사학위, 이, 준, 경력, 소지, 분, 언어, 사용, 가능",python,데이터 사이언티스트
데이터사이언티스트 경력 5년 이상 석사 대학원 이상 학위 소지자 Python R 등 통계 분석 프로그램 능숙자 ML DL에 대한 수학적 이해와 통계적 지식 보유자 분석 예측 모델 알고리즘 관련 연구 경험,"데이터, 티스, 트, 경력, 이상, 석사, 대학원, 이상, 학위, 소지, 등, 통계, 분석, 프로그램, 능, 숙자, 대한, 수학, 이해, 통계, 지식, 보유, 분석, 예측, 모델, 알고리즘, 관련, 연구, 경험","python, r, ml, dl",데이터 사이언티스트
관련학과 졸업 BI R,"관련, 학과, 졸업","bi, r",데이터 사이언티스트
웹 앱 서비스 데이터 분석 경력 2년 이상 혹은 그에 상응하는 업무 능력 보유 중급 이상의 SQL 능력 R 또는 Python을 이용한 데이터 분석 시각화 및 머신러닝 수행 능력을 보유하신 분,"웹, 앱, 서비스, 데이터, 분석, 경력, 이상, 그, 상응, 업무, 능력, 보유, 중, 이상, 능력, 이용, 데이터, 분석, 시각, 및, 머신, 러닝, 수행, 능력, 보유, 분","sql, r, python",데이터 사이언티스트
통계학과 수학 데이터 분석 학과 등 관련 전공자 관련 경력 3년 이상 또는 석사 졸업 이상 및 관련 경력 1년 이상,"통계학, 수학, 데이터, 분석, 학과, 등, 관련, 전공자, 관련, 경력, 이상, 석사, 졸업, 이상, 및, 관련, 경력, 이상",,데이터 사이언티스트
3년 이상의 데이터 도메인에서 임팩트를 낸 경험이 있으신 분 복잡한 문제에 대해서 문제정의를 잘 할 수 있는 분 통계를 활용해서 데이터나 의사결정 과정에서 발생할 수 있는 편향을 제거할 수 있는 분 데이터를 통해 얻은 정보를 누구나 이해할 수 있는 형태로 설명할 수 있는 분 A B 테스트와 인과 추론에 대한 깊은 통계적 이해를 가지신 분,"이상, 데이터, 도메인, 임팩트, 경험, 분, 문제, 대해, 정의, 수, 분, 통계, 활용, 데이터, 의사결정, 과정, 발생, 수, 편향, 제거, 수, 분, 데이터, 통해, 정보, 누구, 이해, 수, 형태, 설명, 수, 분, 테스트, 인과, 추론, 대한, 통계, 이해, 분","a, b",데이터 사이언티스트
전공 무관 4년제 대학교 학사 또는 석사 2년 이상의 Data Analyst Data Scientist 경험이 있으신 분 복잡한 RDB에서 SQL로 데이터 추출하고 Python으로 분석한 경험 정형 비정형 데이터 ML을 통해 모델링을 한 경험,"전공, 무관, 대학교, 학사, 석사, 이상, 경험, 분, 로, 데이터, 추출, 분석, 경험, 정형, 비정, 데이터, 통해, 모델링, 경험","data, analyst, data, scientist, rdb, sql, python, ml",데이터 사이언티스트
Python 또는 SQL 언어를 통해 데이터 핸들링 및 결과 리포팅이 가능하신 분 Tensorflow Pytorch 등 프레임워크를 사용한 모델링 경험이 있으신 분 Raw Data를 수집 정제하고 인사이트를 도출해 본 경험이 있는 분 SQL 등을 통해 복잡한 데이터 셋에서 원하는 데이터를 추출 및 가공할 수 있으신 분 통계적인 지식에 기반한 가설검증 및 인사이트 도출이 가능하신 분,"언어, 통해, 데이터, 핸들링, 및, 결과, 리, 포팅, 분, 등, 프레임워크, 사용, 모델링, 경험, 분, 를, 수집, 정제, 인사이트, 도출, 경험, 분, 등, 통해, 데이터, 셋, 데이터, 추출, 및, 가공, 수, 분, 통계, 지식, 기반, 가설검증, 및, 인사이트, 도출, 분","python, sql, tensorflow, pytorch, raw, data, sql",데이터 사이언티스트
관련 분야 개발 경력 6년 이상이신분 최소 3년 이상의 ML관련 경험 아직 정의되지 않은 문제를 해결하려는 적극적인 자세를 갖추신 분 Keras Tensorflow PyTorch등을 이용한 모델링 경험이 있으신 분 자체 개발한 모델을 이용한 서비스 경험이 있으신 분 단순 논문 구현 제외,"관련, 분야, 개발, 경력, 이상, 신분, 최소, 이상, 관련, 경험, 정의, 문제, 해결, 적극, 자세, 분, 등, 이용, 모델링, 경험, 분, 자체, 개발, 모델, 이용, 서비스, 경험, 분, 단순, 논문, 구현, 제외","ml, keras, tensorflow, pytorch",데이터 사이언티스트
프로덕션 레벨의 ML모델 개발 프로세스에 대한 이해 및 프로젝트 경험이 있는 분 데이터 모델링을 통해 비즈니스 문제를 해결해 보신 분 데이터 분석가 데이터 엔지니어 및 타 부서와의 커뮤니케이션이 원활한 분 Python SQL을 능숙하게 활용 가능한 분 Tensorflow Keras PyTorch 등 딥러닝 프레임워크을 능숙하게 활용 가능한 분,"프로덕션, 레벨, 모델, 개발, 프로세스, 대한, 이해, 및, 프로젝트, 경험, 분, 데이터, 모델링, 통해, 비즈니스, 문제, 해결, 보신, 분, 데이터, 분석, 데이터, 엔지니어, 및, 타, 부서, 커뮤니케이션, 분, 활용, 분, 등, 딥, 러닝, 프레임, 워, 활용, 분","ml, python, sql, tensorflow, keras, pytorch",데이터 사이언티스트
학사 수준 이상의 통계 관련 지식 보유자 2년 이상의 관련 업무 경험자 데이터 분석의 목적과 그를 통해 만들어 낼 수 있는 가치에 대해 끊임없이 고민하시는 분 자유도가 높은 환경에서 주도적으로 데이터 파이프라인을 구축하고 새로운 데이터를 발굴하며 그에 대한 여러가지 분석을 시도하고 싶으신 분 각각의 데이터가 어떤 의미를 갖는지 이해하기 위해 스스로 공부하는 것을 즐기시는 분 원본 데이터부터 꼼꼼하게 들여다 보고 확장성 있는 데이터 모형을 개발하시는 분 SQL Python 등을 사용한 데이터 처리에 능숙하신 분 PM 디자이너 개발자 등 다양한 팀원들과의 원활한 커뮤니케이션이 가능하신 분,"학사, 수준, 이상, 통계, 관련, 지식, 보유, 이상, 관련, 업무, 경험, 데이터, 분석, 목적, 그, 통해, 낼, 수, 가치, 대해, 고민, 분, 자유도, 환경, 주도, 데이터, 파이프라인, 구축, 데이터, 발굴, 그, 대한, 여러가지, 분석, 시도, 분, 각각, 데이터, 의미, 이해, 위해, 스스로, 공부, 것, 분, 원본, 데이터, 보고, 확장, 데이터, 모형, 개발, 분, 등, 사용, 데이터, 처리, 분, 디자이너, 개발자, 등, 팀원, 커뮤니케이션, 분","sql, python, pm",데이터 애널리스트
이런 분이 필요해요 이미지 데이터에 대한 기초 지식 알는 사람 Python을 활용하여 머신러닝 딥러닝 프로젝트 경험자 OpenCV Numpy Tensorflow 및 Pytorch 사용 경험 CNN 및 transformer 사용 경험 최신 기술에 관심이 많은 분 주도적으로 일을 만들고 책임감 있게 리드하시는 분 다른 직군과 함께 문제를 정의하고 해결책을 찾을 수 있는 분 업무에 꼭 필요한 기술 스택 입니다 Python OpenCV Numpy Pytorch or Tensorflow,"분, 이미지, 데이터, 대한, 기초, 지식, 사람, 활용, 머신, 러닝, 딥, 러닝, 프로젝트, 경험, 및, 사용, 경험, 및, 사용, 경험, 최신, 기술, 관심, 분, 주도, 일, 책임감, 리드, 분, 다른, 직, 문제, 정의, 해결, 책, 수, 분, 업무, 꼭, 기술, 스택","python, opencv, numpy, tensorflow, pytorch, cnn, transformer, python, opencv, numpy, pytorch, or, tensorflow",데이터 애널리스트
석사 이상 또는 2년 이상의 경력을 보유하신 분 Remote Sensing Signal Processing Earth Science 등 관련 전공 및 학위 또는 그에 준하는 전문 지식을 보유하신 분 SAR 영상 신호처리 관련 논문의 정확한 이해 및 구현이 가능하신 분 Python Matlab 등 신호처리를 위한 언어 및 라이브러리 사용이 가능하신 분,"석사, 이상, 이상, 경력, 보유, 분, 등, 관련, 전공, 및, 학위, 그, 준, 전문, 지식, 보유, 분, 영상, 신호처리, 관련, 논문, 이해, 및, 구현, 분, 등, 신호처리, 위, 언어, 및, 라이브러리, 사용, 분","remote, sensing, signal, processing, earth, science, sar, python, matlab",데이터 애널리스트
이런 분이 필요해요 이미지 데이터에 대한 기초 지식 알는 사람 Python을 활용하여 머신러닝 딥러닝 프로젝트 경험자 OpenCV Numpy Tensorflow 및 Pytorch 사용 경험 CNN 및 transformer 사용 경험 최신 기술에 관심이 많은 분 주도적으로 일을 만들고 책임감 있게 리드하시는 분 다른 직군과 함께 문제를 정의하고 해결책을 찾을 수 있는 분 업무에 꼭 필요한 기술 스택 입니다 Python OpenCV Numpy Pytorch or Tensorflow,"분, 이미지, 데이터, 대한, 기초, 지식, 사람, 활용, 머신, 러닝, 딥, 러닝, 프로젝트, 경험, 및, 사용, 경험, 및, 사용, 경험, 최신, 기술, 관심, 분, 주도, 일, 책임감, 리드, 분, 다른, 직, 문제, 정의, 해결, 책, 수, 분, 업무, 꼭, 기술, 스택","python, opencv, numpy, tensorflow, pytorch, cnn, transformer, python, opencv, numpy, pytorch, or, tensorflow",데이터 애널리스트
이런 경험이나 성향 역량을 가진 분이라면 더욱 좋을 것 같아요 데이터 레이블링 라벨링 업무 경험자 데이터 검수 경험자 의료 데이터 관련 업무 수행자,"경험, 성향, 역량, 더욱, 것, 데이터, 레이블, 링, 라벨, 링, 업무, 경험, 데이터, 검수, 경험, 의료, 데이터, 관련, 업무, 수행자",,데이터 애널리스트
모요와 함께해요 이런 분을 찾고있어요 3년 이상의 프로덕트 데이터 분석 업무 경험이 있는 분 데이터를 전처리하고 시각화하는데 필요한 SQL 역량을 갖춘 분 데이터를 기반으로 다양한 가설을 세우고 분석해 본 분 주어진 분석을 하기보다 주도적으로 데이터를 보고 인사이트를 도출할 수 있는 분 실험 결과를 비롯한 데이터 인사이트를 동료들에게 설명해 본 분,"요, 해, 분, 이상, 프로, 덕트, 데이터, 분석, 업무, 경험, 분, 데이터, 처리, 시각, 역량, 분, 데이터, 기반, 가설, 분석, 분, 분석, 주도, 데이터, 보고, 인사이트, 도출, 수, 분, 실험, 결과, 비롯, 데이터, 인사이트, 동료, 설명, 분",sql,데이터 애널리스트
이런 분이 필요해요 Python을 활용하여 머신러닝 딥러닝 프로젝트 Prediction Anomaly detection Classification 경험자 Tensorflow 또는 Pytorch 사용 경험 Pandas Matplotlib등의 패키지를 활용한 데이터 정제 전처리 분석 모델링 시각화 경험을 보유하신 분 최신 기술에 관심이 많은 분 주도적으로 일을 만들고 책임감 있게 리드하시는 분 다른 직군과 함께 문제를 정의하고 해결책을 찾을 수 있는 분 업무에 꼭 필요한 기술 스택 입니다 Tensorflow Pytorch,"분, 활용, 머신, 러닝, 딥, 러닝, 프로젝트, 경험, 사용, 경험, 등, 패키지, 활용, 데이터, 정제, 처리, 분석, 모델링, 시각, 경험, 보유, 분, 최신, 기술, 관심, 분, 주도, 일, 책임감, 리드, 분, 다른, 직, 문제, 정의, 해결, 책, 수, 분, 업무, 꼭, 기술, 스택","python, prediction, anomaly, detection, classification, tensorflow, pytorch, pandas, matplotlib, tensorflow, pytorch",데이터 애널리스트
기초통계학 지식 및 정량 데이터 분석 경험 분석과 데이터 전처리 과정에서 필요한 SQL Python 사용에 능숙하신 분 이커머스와 SaaS의 주요 지표와 분석 방법론에 대한 높은 이해도 GMV MRR LTV Cohort Retention 등 비즈니스적인 관점에서 데이터를 이해하고 크고 작은 의사결정과 action item 도출까지 논리적이고 분석적으로 사고하실 수 있는 분 데이터 비전문가에게도 필요한 내용을 쉽게 이해시키고 전달할 수 있는 커뮤니케이션 능력,"기초, 통계학, 지식, 및, 정량, 데이터, 분석, 경험, 분석, 데이터, 처리, 과정, 사용, 분, 이커머스, 의, 주요, 지표, 분석, 방법론, 대한, 이해도, 등, 비즈니스, 관점, 데이터, 이해, 의사결정, 도출, 논리, 분석, 사고, 수, 분, 데이터, 비전문가, 내용, 이해, 전달, 수, 커뮤니케이션, 능력","sql, python, saas, gmv, mrr, ltv, cohort, retention, action, item",데이터 애널리스트
Front end Redwoodjs Storybook GraphQL TailwindCSS App Flutter Fastlane Back end Redwoodjs serverless AWS Lambda 데이터베이스 PostgreSQL Amazon RDS 사내 시스템 python fastAPI,"데이터베이스, 사내, 시스템","front, end, redwoodjs, storybook, graphql, tailwindcss, app, flutter, fastlane, back, end, redwoodjs, serverless, aws, lambda, postgresql, amazon, rds, python, fastapi",데이터 애널리스트
이런 분을 찾습니다 데이터 분석 방법에 대한 높은 수준의 이해도 보유자 모바일 서비스 운영 경력자 모바일 서비스 데이터 분석 고객생애가치 리텐션 코호트 분석 등 이력 보유자 프로덕트 지표 설정 및 성장 가설 수립 이력 보유자,"분, 데이터, 분석, 방법, 대한, 수준, 이해도, 보유, 모바일, 서비스, 운영, 경력, 모바일, 서비스, 데이터, 분석, 고객, 생애, 가치, 리, 텐션, 코호트, 분석, 등, 이력, 보유, 프로, 덕트, 지표, 설정, 및, 성장, 가설, 수립, 이력, 보유",,데이터 애널리스트
SQL을 활용한 데이터 추출 업무 경험 정형 및 비정형 데이터를 numpy pandas spark 등을 활용한 전처리 업무 경험 데이터 시각화 툴 PowerBI Tableau 활용 경험 데이터에 기반한 인사이트 도출 및 문제 해결 능력 쉽고 간결한 언어로 명확하게 전달할 수 있는 보고서 작성 및 커뮤니케이션 능력,"활용, 데이터, 추출, 업무, 경험, 정형, 및, 비정, 데이터, 등, 활용, 처리, 업무, 경험, 데이터, 시각, 툴, 활용, 경험, 데이터, 기반, 인사이트, 도출, 및, 문제, 해결, 능력, 언어, 전달, 수, 보고서, 작성, 및, 커뮤니케이션, 능력","sql, numpy, pandas, spark, powerbi, tableau",데이터 애널리스트
클라이언트 서버 좋은 디자인과 아키텍처를 추구하며 주어진 문제를 해결하기 위해 다양한 기술을 탐색하고 연구하는 적극적인 자세를 가지신 분기술적 정보를 다양한 직군의 동료에게 명확하게 설명할 수 있는 커뮤니케이션 능력을 가지신 분 게임기획 자신의 아이디어를 정확히 전달할 수 있는 문서 작성 이미지화 능력이 있으신 분주어진 문제를 해결하기 위해 다양한 기술을 탐색하고 연구하는 적극적인 자세를 가지신 분,"클라이언트, 서버, 디자인, 아키텍처, 추구, 문제, 해결, 위해, 기술, 탐색, 연구, 적극, 자세, 분, 기술, 정보, 직, 동료, 설명, 수, 커뮤니케이션, 능력, 분, 게임, 기획, 자신, 아이디어, 전달, 수, 문서, 작성, 이미지, 능력, 분주, 어진, 문제, 해결, 위해, 기술, 탐색, 연구, 적극, 자세, 분",,데이터 애널리스트
3년 이상 CSS컨설팅 신용평가모형 전략 개발 혹은 신용 데이터 분석 실무 경험을 가지신 분 Python SAS 등 데이터 분석언어를 활용하여 의사결정에 필요한 통계 리포트를 작성가능하신 분 저축은행 등 주요 금융기관과의 커뮤니케이션이 원활하신 분,"이상, 컨설팅, 신용, 평가, 모형, 전략, 개발, 신용, 데이터, 분석, 실무, 경험, 분, 등, 데이터, 분석, 언어, 활용, 의사결정, 통계, 리포트, 작성, 분, 저축은행, 등, 주요, 금융기관, 커뮤니케이션, 분","css, python, sas",데이터 애널리스트
SQL scripting에 익숙한 자 Data Handling 가능자 MS Office 활용능력 우수자 업무 적응 능력 우수자 성실하고 원활한 커뮤니케이션 능력 보유자,"자, 가능, 활용, 능력, 우수, 업무, 적응, 능력, 우수, 커뮤니케이션, 능력, 보유","sql, scripting, data, handling, ms, office",데이터 애널리스트
통계학 머신러닝 딥러닝에 대한 이해와 지식을 갖추신 분 데이터를 깊이 있게 관찰하고 이를 기반으로 비즈니스 문제를 해결하려는 의지와 역량을 갖은 분 4년 이상의 Python SQL등의 프로그래밍 언어를 활용하여 데이터를 분석 추출 가공 경험자 데이터 사이언스 Framework Pandas Scikit learn Tensorflow Pytorch 등 사용 능숙자 데이터 시각화 툴 Python 시각화 라이브러리 Tableau 등 활용에 능숙하신 분 ML process Data Collection EDA Preprocessing Feature Engineering Training Evaluation Serving 일련의 과정을 수행해본 경험과 높은 이해도를 갖추신 분,"통계학, 머신, 러닝, 딥, 러닝, 대한, 이해, 지식, 분, 데이터, 깊이, 관찰, 기반, 비즈니스, 문제, 해결, 의지, 역량, 갖은, 분, 이상, 등, 프로그래밍, 언어, 활용, 데이터, 분석, 추출, 가공, 경험, 데이터, 사이언스, 등, 사용, 능, 숙자, 데이터, 시각, 툴, 시각, 라이브러리, 등, 활용, 분, 일련, 과정, 수행, 경험, 이해도, 분","python, sql, framework, pandas, scikit, learn, tensorflow, pytorch, python, tableau, ml, process, data, collection, eda, preprocessing, feature, engineering, training, evaluation, serving",데이터 애널리스트
이런 분이 필요해요 Python을 활용하여 머신러닝 딥러닝 프로젝트 Prediction Anomaly detection Classification 경험자 Tensorflow 또는 Pytorch 사용 경험 Pandas Matplotlib등의 패키지를 활용한 데이터 정제 전처리 분석 모델링 시각화 경험을 보유하신 분 최신 기술에 관심이 많은 분 주도적으로 일을 만들고 책임감 있게 리드하시는 분 다른 직군과 함께 문제를 정의하고 해결책을 찾을 수 있는 분 업무에 꼭 필요한 기술 스택 입니다 Tensorflow Pytorch,"분, 활용, 머신, 러닝, 딥, 러닝, 프로젝트, 경험, 사용, 경험, 등, 패키지, 활용, 데이터, 정제, 처리, 분석, 모델링, 시각, 경험, 보유, 분, 최신, 기술, 관심, 분, 주도, 일, 책임감, 리드, 분, 다른, 직, 문제, 정의, 해결, 책, 수, 분, 업무, 꼭, 기술, 스택","python, prediction, anomaly, detection, classification, tensorflow, pytorch, pandas, matplotlib, tensorflow, pytorch",데이터 애널리스트
이런 분을 모시고 있어요 GCP Professional 자격증 보유자 Machine Learning Engineer 우대 GCP 기반 데이터 분석 및 ML AI 모델 구축 프로젝트 경력자 데이터 분석 방법 머신러닝 기술에 대한 높은 이해도 및 활용 능력 보유자 다양한 비정형 TEXT Image Sound 데이터 처리 유경험자 원활한 의사소통 및 협업 능력 보유하신 분,"분, 모시, 자격증, 보유, 우대, 기반, 데이터, 분석, 및, 모델, 구축, 프로젝트, 경력, 데이터, 분석, 방법, 머신, 러닝, 기술, 대한, 이해도, 및, 활용, 능력, 보유, 비정, 데이터, 처리, 유, 경험, 의사소통, 및, 협업, 능력, 보유, 분","gcp, professional, machine, learning, engineer, gcp, ml, ai, text, image, sound",데이터 애널리스트
이런 분을 찾고 있어요 4년제 대졸 이상 해외 출장에 결격사유가 없는 분 지방 근무 가능한 분 정보화사업 ISP ISMP PI DX Migration 등 컨설팅 관련 업무 경력 보유한 분 경력 고객 및 조직 내외 구성원들과의 대면 서면 커뮤니케이션 능력이 우수한 분 클라우드 산업에 대해 흥미와 관심이 높은 분 PPT 아래아한글 등 문서 작성이 우수한 분 기본적인 영어 독해 능력을 보유한 분 필수 지원서류 한글 이력서 및 자기소개서 지원동기 포함,"분, 대졸, 이상, 해외, 출장, 결격, 사유, 분, 지방, 근무, 분, 정보화, 사업, 등, 컨설팅, 관련, 업무, 경력, 보유, 분, 경력, 고객, 및, 조직, 내외, 구성원, 대면, 서면, 커뮤니케이션, 능력, 분, 클라우드, 산업, 대해, 흥미, 관심, 분, 아래아한글, 등, 문서, 작성, 분, 기본, 영어, 독해, 능력, 보유, 분, 필수, 지원, 서류, 한글, 이력서, 및, 자기, 소개, 지원, 동기, 포함","isp, ismp, pi, dx, migration, ppt",데이터 애널리스트
이런 분을 모시고 싶어요 3년 이상 경력 SQL 및 프로그래밍 언어 R Python 등 를 활용하여 데이터 분석이 가능한 분 비즈니스 인텔리전스 도구 및 리포팅 툴을 활용한 대시보드 구축 경험이 있으신 분 다양한 부서와 협업을 통해 본인의 분석 및 인사이트를 바탕으로 액션까지 경험해보신 분,"분, 모시, 이상, 경력, 및, 프로그래밍, 언어, 등, 를, 활용, 데이터, 분석, 분, 비즈니스, 인텔리전스, 도구, 및, 리, 포팅, 툴, 활용, 대시보드, 구축, 경험, 분, 부서, 협업, 통해, 본인, 분석, 및, 인사이트, 바탕, 액션, 경험, 분","sql, r, python",데이터 애널리스트
Essential Experiences Skillsets Personal Competencies Undertaken 3 7 years experience in a similar role or data analysis role Understanding on the multi cultural multi lingual and diverse environment Advanced MS Excel and SQL skills Strong analytical skills A keen eye for details and has a systematic approach in dealing with issues Desirable Personal Competencies and Attributes Business communication skills in both English and Korean Ability to be hands on particularly with data collation and preparation,,"essential, experiences, skillsets, personal, competencies, undertaken, years, experience, in, a, similar, role, or, data, analysis, role, understanding, on, the, multi, cultural, multi, lingual, and, diverse, environment, advanced, ms, excel, and, sql, skills, strong, analytical, skills, a, keen, eye, for, details, and, has, a, systematic, approach, in, dealing, with, issues, desirable, personal, competencies, and, attributes, business, communication, skills, in, both, english, and, korean, ability, to, be, hands, on, particularly, with, data, collation, and, preparation",데이터 애널리스트
데이터 분석 과제 기획 발굴을 통한 Biz Insight 도출 경험이 있는 분 비즈니스 문제 정의와 가설 수립 및 검증까지 단계를 설계할 수 있는 분 CRM 데이터를 기반으로 서비스 고도화를 위한 데이터 탐색 및 분석이 가능한 분 SQL MySQL MSSQL 등 을 사용하여 효율적으로 데이터 추출 가능한 분 분석 및 모델링 툴 Python R SQL Pandas TensorFlow Pytorch Spark 등 사용에 익숙한 분 빅데이터 환경 MySQL MariaDB NoSQL MongoDB 등 에서 데이터 수집 및 핸들링 경험이 있는 분 프로젝트 리딩 PM이나 PL 경험이 있는 분 데이터 분석 관련 실무 경력이 10년 이상이거나 그에 준하는 역량이 있는 분 의사결정을 진행하는 과정에서 효과적인 공감대 형성과 설득을 위한 정량 분석 인사이트 시각화 리포팅 가능한 분,"데이터, 분석, 과제, 기획, 발굴, 통한, 도출, 경험, 분, 비즈니스, 문제, 정의, 가설, 수립, 및, 검증, 단계, 설계, 수, 분, 데이터, 기반, 서비스, 고도화, 위, 데이터, 탐색, 및, 분석, 분, 등, 사용, 효율, 데이터, 추출, 분, 분석, 및, 모델링, 툴, 등, 사용, 분, 빅데이터, 환경, 등, 데이터, 수집, 및, 핸들링, 경험, 분, 프로젝트, 리딩, 이나, 경험, 분, 데이터, 분석, 관련, 실무, 경력, 이상, 거나, 그, 준, 역량, 분, 의사결정, 진행, 과정, 효과, 공감, 형성, 설득, 위, 정량, 분석, 인사이트, 시각, 리, 포팅, 분","biz, insight, crm, sql, mysql, mssql, python, r, sql, pandas, tensorflow, pytorch, spark, mysql, mariadb, nosql, mongodb, pm, pl",데이터 애널리스트
데이터 분석 관련 실무 경력 2년 이상이신 분데이터 분석 머신러닝 또는 데이터 기반 마케팅에 대한 전반적인 지식을 보유하신 분데이터 추출 전처리 분석 인사이트 도출까지 데이터 분석 전과정을 경험해보신 분SQL을 자유자재로 활용하여 Raw Data 처리 및 분석이 가능하신 분분석 결과를 통한 결과 도출 및 논리적인 개선사항을 제시할 수 있는 분데이터 시각화 Tableau Amplitude 등 에 대한 경험을 보유하신 분기획 마케팅 개발 등 다양한 직군과 원활한 커뮤니케이션 및 협업이 가능하신 분,"데이터, 분석, 관련, 실무, 경력, 이상, 분, 데이터, 분석, 머신, 러닝, 데이터, 기반, 마케팅, 대한, 전반, 지식, 보유, 분, 데이터, 추출, 처리, 분석, 인사이트, 도출, 데이터, 분석, 과정, 경험, 분, 자유, 자재, 활용, 처리, 및, 분석, 분, 분석, 결과, 통한, 결과, 도출, 및, 논리, 개선, 사항, 제시, 수, 분, 데이터, 시각, 등, 대한, 경험, 보유, 분, 기획, 마케팅, 개발, 등, 직, 커뮤니케이션, 및, 협업, 분","sql, raw, data, tableau, amplitude",데이터 애널리스트
이런 분을 찾고 있습니다 SQL Python R 등 분석 도구 활용 능력이 우수하신 분 데이터 추출 전처리 분석 인사이트 도출까지 데이터 분석 전과정을 경험해보신 분 데이터 기반의 문제 해결 능력과 논리적인 사고력을 가지신 분,"분, 등, 분석, 도구, 활용, 능력, 분, 데이터, 추출, 처리, 분석, 인사이트, 도출, 데이터, 분석, 과정, 경험, 분, 데이터, 기반, 문제, 해결, 능력, 논리, 사고력, 분","sql, python, r",데이터 애널리스트
데이터 분석 분야에서 6년 이상의 경험 팀 리딩 경험이 있으신 분 SQL을 활용한 데이터처리에 매우 능숙하신 분 Tableau Google Data Studio 등 리포트와 대시보드 작성 경험 Google Sheets MS Excel 등 에 능숙하신 분 Python R 등 데이터분석 관련 코드 작성 경험,"데이터, 분석, 분야, 이상, 경험, 팀, 리딩, 경험, 분, 활용, 데이터, 처리, 매우, 분, 등, 리포트, 대시보드, 작성, 경험, 등, 분, 등, 데이터, 분석, 관련, 코드, 작성, 경험","sql, tableau, google, data, studio, google, sheets, ms, excel, python, r",데이터 애널리스트
Reporting 능력 PPT Excel 데이터 분석 데이터 변화 양상 트렌드 파악 관리 및 QA Digital Marketing 분석 경험 웹분석 or 캠페인 분석 or Sales 분석 등 다양한 협업을 위한 원활한 커뮤니케이션,"능력, 데이터, 분석, 데이터, 변화, 양상, 트렌드, 파악, 관리, 및, 분석, 경험, 웹, 분석, 캠페인, 분석, 분석, 등, 협업, 위, 커뮤니케이션","reporting, ppt, excel, qa, digital, marketing, or, or, sales",데이터 애널리스트
사원 대리급 AA or GA 경험하신 분 웹사이트 기획 운영 개편 경험이 있으신 분 영어 커뮤니케이션이 가능하신 분 매우 꼼꼼하신 분,"사원, 대리, 경험, 분, 웹사이트, 기획, 운영, 개편, 경험, 분, 영어, 커뮤니케이션, 분, 매우, 분","aa, or, ga",데이터 애널리스트
이런 분을 모시고 싶어요 3년 이상의 데이터 분석 직무 경험을 보유한 분 데이터 툴 사용 능력이 우수하신 분 엑셀 SQL Tableau GA 파이썬 중 1개 이상 필수 데이터 분석에 기반해 문제를 정의하고 문제를 해결한 경험이 있는 분 커뮤니케이션 및 문서화 능력이 뛰어난 분,"분, 모시, 이상, 데이터, 분석, 직무, 경험, 보유, 분, 데이터, 툴, 사용, 능력, 분, 엑셀, 파이썬, 중, 개, 이상, 필수, 데이터, 분석, 기반, 문제, 정의, 문제, 해결, 경험, 분, 커뮤니케이션, 및, 문서, 능력, 분","sql, tableau, ga",데이터 애널리스트
학력 초대졸이상 경력 경력,"학력, 초대, 졸, 이상, 경력, 경력",,데이터 애널리스트
관련학과 졸업 BI R,"관련, 학과, 졸업","bi, r",데이터 애널리스트
Biomedical 데이터 이용한 데이터분석이 가능한 분 Python R 등의 프로그래밍 언어를 활용하여 빅데이터 분석이 가능한 분 동형암호기반 이해를 위한 수학적 기초 지식을 갖추신 분 새로운 분야의 데이터에 대한 관심과 열정이 있으신 분,"데이터, 이용, 데이터, 분석, 분, 등, 프로그래밍, 언어, 활용, 빅데이터, 분석, 분, 동형, 암호, 기반, 이해, 위, 수학, 기초, 지식, 분, 분야, 데이터, 대한, 관심, 열정, 분","biomedical, python, r",데이터 애널리스트
꼼꼼하고 책임감 있는 분 영어 문서 독해에 어려움이 없는 분 Excel 활용 능력이 우수한 분,"책임감, 분, 영어, 문서, 독해, 어려움, 분, 활용, 능력, 분",excel,데이터 애널리스트
2 5년의 데이터 분석 경험이 있는 분 SQL을 사용해 직접 데이터를 추출하고 정제할 수 있는 분 Excel Python R 를 사용해서 추출된 데이터를 자유롭게 가공하고 시각화 할 수 있는 분 서비스 핵심 지표를 설정하고 지표 성장을 위해 다양한 가설을 세우고 실험하여 직접 서비스를 개선해보신 분 가설 검증을 위한 A B 테스트를 설계하고 결과를 분석하여 프로덕트에 적용한 경험이 있으신 분 멀티 디바이스 모바일 앱 의 데이터를 통합하여 분석해본 경험이 있는 분 퍼널 분석 리텐션 분석 코호트 분석 등 프로덕트 데이터 분석 방법에 대한 이해도가 높으신 분 GA Amplitude 등을 이용하여 데이터 로그 설계 및 관리 경험이 있는 분 기초 통계학 지식이 있는 분,"데이터, 분석, 경험, 분, 사용, 직접, 데이터, 추출, 정제, 수, 분, 를, 사용, 추출, 데이터, 가공, 시각, 수, 분, 서비스, 핵심, 지표, 설정, 지표, 성장, 위해, 가설, 실험, 직접, 서비스, 개선, 분, 가설, 검증, 위, 테스트, 설계, 결과, 분석, 프로덕트, 적용, 경험, 분, 멀티, 디바이스, 모바일, 앱, 의, 데이터, 통합, 분석, 경험, 분, 퍼널, 분석, 리, 텐션, 분석, 코호트, 분석, 등, 프로, 덕트, 데이터, 분석, 방법, 대한, 이해도, 분, 등, 이용, 데이터, 로그, 설계, 및, 관리, 경험, 분, 기초, 통계학, 지식, 분","sql, excel, python, r, a, b, ga, amplitude",데이터 애널리스트
자격 조건 3년 이상의 데이터 엔지니어링 실무 경험 또는 이에 준하는 실력을 갖춘 분 분산 환경에서 대용량 데이터 Batch 처리 또는 비동기 데이터 처리 경험이 있으신 분 프로그래밍 언어와 데이터분석 라이브러리 한 개 이상 능숙하게 다룰 수 있는 분 AWS architecture 설계나 운영 경험이 있는 분,"자격, 조건, 이상, 데이터, 엔지니어링, 실무, 경험, 이, 준, 실력, 분, 분산, 환경, 용량, 데이터, 처리, 비, 동기, 데이터, 처리, 경험, 분, 프로그래밍, 언어, 데이터, 분석, 라이브러리, 개, 이상, 수, 분, 설계, 운영, 경험, 분","batch, aws, architecture",데이터 애널리스트
이런 분을 모시고 싶어요 5년 이상의 데이터 분석 및 실무 경력을 보유한 분 사업 관점에서 데이터 기반으로 실질적인 문제 해결과 지표 개선 과정을 경험한 분 SQL Excel 구글스프레드시트 파이썬 등을 활용하여 데이터 가공 추출 분석 리포팅에 능숙한 분 비즈니스 인텔리전스 도구 및 리포팅 툴을 활용한 대시보드 구축 경험이 있으신 분 다양한 부서와 협업을 통해 본인의 분석 및 인사이트를 바탕으로 액션까지 경험해보신 분,"분, 모시, 이상, 데이터, 분석, 및, 실무, 경력, 보유, 분, 사업, 관점, 데이터, 기반, 실질, 문제, 해결, 지표, 개선, 과정, 경험, 분, 구글, 스프레드시트, 파이썬, 등, 활용, 데이터, 가공, 추출, 분석, 리, 포팅, 분, 비즈니스, 인텔리전스, 도구, 및, 리, 포팅, 툴, 활용, 대시보드, 구축, 경험, 분, 부서, 협업, 통해, 본인, 분석, 및, 인사이트, 바탕, 액션, 경험, 분","sql, excel",데이터 애널리스트
7년 이상 데이터 분석 경험이 있는 분 데이터 분석팀이나 서비스 전반을 리딩한 경험이 있는 분 SQL Excel Python R 등의 기술적 피드백이 가능한 분 서비스 핵심 지표를 설정하고 지표 성장을 위해 다양한 가설을 세우고 실험하여 직접 서비스를 개선해보신 분 가설 검증을 위한 A B 테스트를 설계하고 결과를 분석하여 프로덕트에 적용한 경험이 있으신 분 통계 기반으로 인과추론 및 데이터 분석이 가능한 분 멀티 디바이스 모바일 앱 의 데이터를 통합하여 분석해본 경험이 있는 분 GA Amplitude 등을 이용하여 데이터 로그 설계 및 관리 경험이 있는 분 퍼널 분석 리텐션 분석 코호트 분석 등 프로덕트 데이터 분석 방법에 대한 이해도가 높으신 분,"이상, 데이터, 분석, 경험, 분, 데이터, 분석, 팀, 서비스, 전반, 리딩, 경험, 분, 등, 기술, 피드백, 분, 서비스, 핵심, 지표, 설정, 지표, 성장, 위해, 가설, 실험, 직접, 서비스, 개선, 분, 가설, 검증, 위, 테스트, 설계, 결과, 분석, 프로덕트, 적용, 경험, 분, 통계, 기반, 인과, 추론, 및, 데이터, 분석, 분, 멀티, 디바이스, 모바일, 앱, 의, 데이터, 통합, 분석, 경험, 분, 등, 이용, 데이터, 로그, 설계, 및, 관리, 경험, 분, 퍼널, 분석, 리, 텐션, 분석, 코호트, 분석, 등, 프로, 덕트, 데이터, 분석, 방법, 대한, 이해도, 분","sql, excel, python, r, a, b, ga, amplitude",데이터 애널리스트
1 DA BI 관련 업무 경력 4년 이상이신 분2 SQL 빅쿼리 Python 등을 활용해 문제 해결을 위한 가설 설정 데이터 추출 가공 분석 보고서 작성까지 비즈니스 분석 전체 과정에 대한 경험이 많은 분3 서비스 분석방법 Cohort Funnel A B Test 등 에 대한 경험이 있는 분4 서비스 개선 또는 비즈니스 방향 도출 업무 경험이 있는 분5 구조적 사고 기반의 PPT Documentation 및 커뮤니케이션 역량을 갖추신 분,"관련, 업무, 경력, 이상, 분, 빅, 쿼리, 등, 활용, 문제, 해결, 위, 가설, 설정, 데이터, 추출, 가공, 분석, 보고서, 작성, 비즈니스, 분석, 전체, 과정, 대한, 경험, 분, 서비스, 분석, 방법, 등, 대한, 경험, 분, 서비스, 개선, 비즈니스, 방향, 도출, 업무, 경험, 분, 구조, 사고, 기반, 및, 커뮤니케이션, 역량, 분","da, bi, sql, python, cohort, funnel, a, b, test, ppt, documentation",데이터 애널리스트
CRC 및 간호 경험자 또는 의학 용어에 익숙한 자 임상시험 Data Handling 가능자 MS Office 활용능력 우수자 업무 적응 능력 우수자 성실하고 원활한 커뮤니케이션 능력 보유자,"및, 간호, 경험, 의학, 용어, 자, 임상시험, 가능, 활용, 능력, 우수, 업무, 적응, 능력, 우수, 커뮤니케이션, 능력, 보유","crc, data, handling, ms, office",데이터 애널리스트
MS Office 활용 능력 상 엑셀 파워포인트 데이터 분석 경력 1년 이상,"활용, 능력, 상, 엑셀, 파워포인트, 데이터, 분석, 경력, 이상","ms, office",데이터 애널리스트
3년 이상의 데이터 분석 관련 실무 경험이 있는 분 숫자와 데이터를 바탕으로 논리적 추론 및 인사이트를 도출하여 문제를 해결해 본 경험이 있으신 분 데이터 분석 툴 Excel SQL 등 활용이 능숙한 분 배민B마트 배민스토어 및 물류 센터에 대한 관심이나 이해가 있으신 분,"이상, 데이터, 분석, 관련, 실무, 경험, 분, 숫자, 데이터, 바탕, 논리, 추론, 및, 인사이트, 도출, 문제, 해결, 경험, 분, 데이터, 분석, 툴, 등, 활용, 분, 배민, 마트, 배민, 스토어, 및, 물류, 센터, 대한, 관심, 이해, 분","excel, sql, b",데이터 애널리스트
SQL을 기반으로 데이터를 추출 분석하고 경영진의 의사결정에 필요한 정보를 체계화하실 수 있는 분 논리적 사고와 오너십을 바탕으로 Data Driven Business Solution을 도출 실행 모니터링한 경험이 있으신 분,"기반, 데이터, 추출, 분석, 경영, 진의, 의사결정, 정보, 체계, 수, 분, 논리, 사고, 십, 바탕, 도출, 실행, 모니터링, 경험, 분","sql, data, driven, business, solution",데이터 애널리스트
통계학 및 유관분야 석사 이상의 학위 소지자이어야 합니다 통계 이론에 대한 높은 수준의 이해가 필요합니다 SAS R Python 등과 같은 통계 분석 프로그램을 능숙하게 활용할 수 있어야 합니다 SQL을 사용하여 자유롭게 데이터를 추출하고 처리할 수 있는 능력이 필요합니다 복잡하고 다양한 데이터셋을 정제하여 교보라이프플래닛생명의 사업 상의 문제를 진단하고 해결할 수 있는 능력이 필요합니다 데이터 분석을 통해 비즈니스 의사결정에 방향성을 제시할 수 있는 결과를 도출하는 능력이 있어야 합니다 데이터 분석 결과를 통계를 모르는 동료들에게 이해하기 쉽도록 설명할 수 있는 문서 작성 능력 및 커뮤니케이션 능력이 필요합니다,"통계학, 및, 유관, 분야, 석사, 이상, 학위, 소지, 통계, 이론, 대한, 수준, 이해, 등, 통계, 분석, 프로그램, 활용, 수, 사용, 데이터, 추출, 처리, 수, 능력, 데이터, 셋, 정제, 교보, 라이프, 닛, 생명, 사업, 상의, 문제, 진단, 해결, 수, 능력, 데이터, 분석, 통해, 비즈니스, 의사결정, 방향성, 제시, 수, 결과, 도출, 능력, 데이터, 분석, 결과, 통계, 동료, 이해, 설명, 수, 문서, 작성, 능력, 및, 커뮤니케이션, 능력","sas, r, python, sql",데이터 애널리스트
그래서 아래 기준에 잘 맞는 분을 찾습니다 1 적어도 하나 이상의 layer1 or layer2 블록체인의 로우 데이터 block transaction 등 구조를 이해할 수 있습니다 2 데이터 엔지니어와 협업하면서 필요로 하는 데이터를 기획하고 Business Intelligence 대시보드를 구축해본 경험이 있습니다 3 SQL을 자유자재로 사용할 줄 알아야 합니다 적어도 https towardsdatascience com your guide to basic sql while learning ethereum at the same time 9eac17a05929 에 있는 기본 함수들을 100번 이상 사용해보신 분이어야 합니다 4 Etherscan을 읽고 이해하실 수 있습니다 5 빠르게 발전하는 블록체인 크립토 산업을 빠르게 이해할 수 있는 높은 러닝커브를 가지고 있습니다,"아래, 기준, 분, 하나, 이상, 블록, 체인, 로우, 데이터, 등, 구조, 이해, 수, 데이터, 엔지니어, 협업, 필요, 데이터, 기획, 대시보드, 구축, 경험, 자유, 자재, 사용, 줄, 기본, 함수, 번, 이상, 사용, 이해, 수, 발전, 블록, 체인, 크립, 토, 산업, 이해, 수, 러닝, 커브, 가지","layer, or, layer, block, transaction, business, intelligence, sql, https, towardsdatascience, com, your, guide, to, basic, sql, while, learning, ethereum, at, the, same, time, eac, a, etherscan",데이터 애널리스트
이런 동료를 찾습니다 2년 이상의 유관 업무 경력이 있으신 분 SQL NoSQL Python R 등 데이터 분석 툴 사용에 능숙하며 데이터 시각화 툴을 활용해 대시보드 구축이 가능하신 분 데이터 추출 전처리 분석 인사이트 도출까지 데이터 분석 전 과정을 경험해보신 분 문제 정의 기획 데이터 수집 전처리 분석 모델링이 가능하신 분 데이터를 관리 및 분석 프로세스에서 다양한 기술을 적용할 수 있는 분 데이터 추세와 패턴을 알아볼 수 있으며 데이터를 사용하여 유용하고 실행 가능한 결과를 생성할 수 있는 분 비즈니스의 최전선에서 데이터 기반의 설득력을 통해 혁신을 만들어 내고 싶은 분 기획 운영 개발 등 다양한 직군과 원활한 커뮤니케이션 및 협업이 가능하신 분,"동료, 이상, 유관, 업무, 경력, 분, 등, 데이터, 분석, 툴, 사용, 데이터, 시각, 툴, 활용, 대시보드, 구축, 분, 데이터, 추출, 처리, 분석, 인사이트, 도출, 데이터, 분석, 전, 과정, 경험, 분, 문제, 정의, 기획, 데이터, 수집, 처리, 분석, 모델링, 분, 데이터, 관리, 및, 분석, 프로세스, 기술, 적용, 수, 분, 데이터, 추세, 패턴, 수, 데이터, 사용, 실행, 결과, 생, 수, 분, 비즈니스, 최전선, 데이터, 기반, 설득, 통해, 혁신, 분, 기획, 운영, 개발, 등, 직, 커뮤니케이션, 및, 협업, 분","sql, nosql, python, r",데이터 애널리스트
해당경력 4년 이상 12년 이하 대리 과장급 사업 기획조직 등 타 팀과의 긴밀한 협업 및 의사소통 능력 데이터 분석 모델링을 위한 Python중급 이상 프로그래밍 능력 ML DL 알고리즘 이해 및 활용 능력 고객 패턴 수요 예측 서비스 추천 로그 분석 정보 검색 등 분석 활용 경험 Legacy 데이터 구조 분석 및 SQL 활용,"해당, 경력, 이상, 이하, 대리, 과장, 사업, 기획, 조직, 등, 타, 팀, 협업, 및, 의사소통, 능력, 데이터, 분석, 모델링, 위, 중, 이상, 프로그래밍, 능력, 알고리즘, 이해, 및, 활용, 능력, 고객, 패턴, 수요, 예측, 서비스, 추천, 로그, 분석, 정보, 검색, 등, 분석, 활용, 경험, 데이터, 구조, 분석, 및, 활용","python, ml, dl, legacy, sql",데이터 애널리스트
이공계 석사 이상의 학위를 취득하신 분 졸업예정자도 지원 가능하나 졸업증 취득 후 병무청에 편입 신청을 할 수 있습니다 병무청에서는 편 입 인원을 선착순으로 제한하고 있으므로 졸업자부터 우선하여 신청됩니다 따라서 예정자도 졸업증 취득 후 편입신청은 가능하나 선착순 마감이 되었을 경우 2023년 편입은 불가할 수 있으나 그러한 경우 올 12월에 2024년 T O를 받아서 편입 신청이 가능한 점 참조 부탁드립니다 SQL을 사용하여 원하는 데이터 추출 및 가공 Python R 활용 역량 Tableau PowerBI 등 BI 툴을 사용한 시각화 경험 통계 및 ML 알고리즘 지식 보유 논문 특허 보고서 제안서 작성 경험,"이공, 석사, 이상, 학위, 취득, 분, 졸업, 예정자, 지원, 졸업, 증, 취득, 후, 병무청, 편입, 신청, 수, 병무청, 편, 입, 인원, 선착순, 제한, 졸업, 신청, 따라서, 예정자, 졸업, 증, 취득, 후, 편입, 신청, 선착순, 마감, 경우, 편입, 수, 경우, 를, 편입, 신청, 점, 참조, 사용, 데이터, 추출, 및, 가공, 활용, 역량, 등, 툴, 사용, 시각, 경험, 통계, 및, 알고리즘, 지식, 보유, 논문, 특허, 보고서, 제안, 작성, 경험","t, o, sql, python, r, tableau, powerbi, bi, ml",데이터 애널리스트
국내외 4년제 대학 관련학과 졸업 악성코드 분석 취약점 분석 등 관련 업무 수행 경험자 분석 리포트 작성 등 문서 작성 유경험자 의사소통이 원활하고 타부서와 협업을 바탕으로 커뮤니케이션 역량 보유 관련 경력 3년 이상,"국내외, 대학, 관련, 학과, 졸업, 악성코드, 분석, 취약점, 분석, 등, 관련, 업무, 수행, 경험, 분석, 리포트, 작성, 등, 문서, 작성, 유, 경험, 의사소통, 부서, 협업, 바탕, 커뮤니케이션, 역량, 보유, 관련, 경력, 이상",,데이터 애널리스트
SQL 데이터 추출 및 Excel 데이터 분석이 능숙하며 관련 실무를 3년 이상 경험하신 분 데이터 분석을 통한 개선 프로젝트를 주도적으로 이끌어 본 경험이 있으신 분 분석결과를 근거로 논리적 추론 및 인사이트를 도출하여 문제를 해결해 본 경험이 있으신 분,"데이터, 추출, 및, 데이터, 분석, 관련, 실무, 이상, 경험, 분, 데이터, 분석, 통한, 개선, 프로젝트, 주도, 경험, 분, 분석, 결과, 근거, 논리, 추론, 및, 인사이트, 도출, 문제, 해결, 경험, 분","sql, excel",데이터 애널리스트
공학 이학 계열 전공 석사 이상 AI 및 MLOps 연구개발에 대한 3년 이상의 경력을 보유하신 분 AI ML Big Data에 대한 이해도가 있으신 분 AI ML 기반 데이터 분석 및 운영 관련 과제 경험을 보유하신 분 AI ML 분석 체계 구축에 대한 설계 및 컨설팅 역량 보유하신 분 모델의 Structure 및 코드 해석에 대한 두려움이 없으신 분,"공학, 이학, 계열, 전공, 석사, 이상, 및, 연구개발, 대한, 이상, 경력, 보유, 분, 대한, 이해도, 분, 기반, 데이터, 분석, 및, 운영, 관련, 과제, 경험, 보유, 분, 분석, 체계, 구축, 대한, 설계, 및, 컨설팅, 역량, 보유, 분, 모델, 및, 코드, 해석, 대한, 두려움, 분","ai, mlops, ai, ml, big, data, ai, ml, ai, ml, structure",데이터 애널리스트
공학 이학 계열 전공 학사 이상 AI ML Big Data에 대한 이해도가 있으신 분 Python 및 ML 프레임워크 Pytorch Tensorflow 등 기반의 AI 연구경험이 있으신 분 AI 기반 데이터 분석 구축 경험이 있으신 분 모델의 Structure 및 코드 해석에 대한 두려움이 없으신 분,"공학, 이학, 계열, 전공, 학사, 이상, 대한, 이해도, 분, 및, 프레임워크, 등, 기반, 경험, 분, 기반, 데이터, 분석, 구축, 경험, 분, 모델, 및, 코드, 해석, 대한, 두려움, 분","ai, ml, big, data, python, ml, pytorch, tensorflow, ai, ai, structure",데이터 애널리스트
컴퓨터 공학 계열 4년제 대학 졸업 이상 예정자 가능 C C 가능자,"컴퓨터, 공학, 계열, 대학, 졸업, 이상, 예정자, 가능, 가능","c, c",데이터 애널리스트
데이터 분석 분야에서 최소 2년 이상 경력이 있거나 그에 준하는 역량을 보유하신 분 SQL을 통해 데이터를 추출하고 분석할 수 있는 분 BI툴 Google Data Studio QuickSight Metabase 등 을 사용해 대시보드 및 시각화가 가능한 분 A B 테스트를 설계하고 분석할 수 있는 분,"데이터, 분석, 분야, 최소, 이상, 경력, 그, 준, 역량, 보유, 분, 통해, 데이터, 추출, 분석, 수, 분, 툴, 등, 사용, 대시보드, 및, 시각, 화가, 분, 테스트, 설계, 분석, 수, 분","sql, bi, google, data, studio, quicksight, metabase, a, b",데이터 애널리스트
이런 분이 필요해요 아래의 업무의 관리 및 수행 경험 이에 준한 이 있으신 분 PL 프로젝트 PL 경험 제조 및 품질 등 제조관련 업무 수행 경험 스마트팩토리 솔루션 및 시스템 구축 경험 제조 IT 운영 및 개발 프로젝트 수행 경험 공정관리 생산관리 품질관리 설비관리 영역에서 프로세스 개발 설계 경험 연구원 고객사 요구사항을 이해 및 시스템 구축 환경 분석 솔루션 프레임워크 및 프로세스 이해 제조 공정 이해도가 높으신 분,"분, 아래, 업무, 관리, 및, 수행, 경험, 이, 준, 이, 분, 프로젝트, 경험, 제조, 및, 품질, 등, 제조, 관련, 업무, 수행, 경험, 스마트, 팩토리, 솔루션, 및, 시스템, 구축, 경험, 제조, 운영, 및, 개발, 프로젝트, 수행, 경험, 공정, 관리, 생산, 관리, 품질, 관리, 설비, 관리, 영역, 프로세스, 개발, 설계, 경험, 연구원, 고객, 사, 요구사항, 이해, 및, 시스템, 구축, 환경, 분석, 솔루션, 프레임워크, 및, 프로세스, 이해, 제조, 공정, 이해도, 분","pl, pl, it",데이터 애널리스트
관련 분야 경력 2년 이상 혹은 석사 이상학위 보유자 컴퓨터 비전 분야의 최신 딥러닝 논문을 이해하고 빠르게 구현 학습 평가할 수 있는 역량 보유자 TensorFlow PyTorch MXNet 등 딥러닝 프레임워크 중 1개 이상에 대한 전문 지식 보유자 해외 여행결격 사유가 없는 분 전문연구요원 편입 가능,"관련, 분야, 경력, 이상, 석사, 이상, 학위, 보유, 컴퓨터, 분야, 최신, 딥, 러닝, 논문, 이해, 구현, 학습, 평가, 수, 역량, 보유, 등, 딥, 러닝, 프레임워크, 중, 개, 이상, 대한, 전문, 지식, 보유, 해외, 여행, 결격, 사유, 분, 요원, 편입, 가능","tensorflow, pytorch, mxnet",데이터 애널리스트
국내외 4년제 대학 관련학과 전공자 악성코드 분석 취약점 분석 등 관련 업무 수행 경험자 분석 리포트 작성 등 문서 작성 유경험자 의사소통이 원활하고 타부서와 협업을 바탕으로 커뮤니케이션 역량 보유 관련 경력 6년 이상,"국내외, 대학, 관련, 학과, 전공자, 악성코드, 분석, 취약점, 분석, 등, 관련, 업무, 수행, 경험, 분석, 리포트, 작성, 등, 문서, 작성, 유, 경험, 의사소통, 부서, 협업, 바탕, 커뮤니케이션, 역량, 보유, 관련, 경력, 이상",,데이터 애널리스트
Bachelor s degree required majored in Economics Statistics Risk management preferred Strong business acumen and communications skills needed to interface with both Executive Management and our Clients including internal business partnering Should over 7 years experiences in work 4 years of experience within leading the Projective work Data analytics Quality management Risk management General insurance Risk management telecommunication preferred Advanced knowledge of Microsoft Office Suite applications including Excel Word and PowerPoint Power BI and other reporting tools a plus Experience working in a multi national multi cultural multi lingual and diverse environment Experience applying problem solving skills to complex systems financial operational and associated integrated processes Strong time management and organization skills,,"bachelor, s, degree, required, majored, in, economics, statistics, risk, management, preferred, strong, business, acumen, and, communications, skills, needed, to, interface, with, both, executive, management, and, our, clients, including, internal, business, partnering, should, over, years, experiences, in, work, years, of, experience, within, leading, the, projective, work, data, analytics, quality, management, risk, management, general, insurance, risk, management, telecommunication, preferred, advanced, knowledge, of, microsoft, office, suite, applications, including, excel, word, and, powerpoint, power, bi, and, other, reporting, tools, a, plus, experience, working, in, a, multi, national, multi, cultural, multi, lingual, and, diverse, environment, experience, applying, problem, solving, skills, to, complex, systems, financial, operational, and, associated, integrated, processes, strong, time, management, and, organization, skills",데이터 애널리스트
백앤드 개발 언어 Go Python 중 하나 이상 능숙하게 구사할 수 있으신 분 ML Deep Learning Framework scikit learn TensorFlow Keras 등 1년 이상의 사용 경험 능숙한 SQL 작성 및 대용량 데이터베이스 모델링 Hadoop MR Hive Spark Flink Presto 등 빅데이터 프레임워크 사용 경험이 있으신 분 Tableau 등의 BI Tool을 이용한 데이터 시각화 경험이 있으신 분,"앤드, 개발, 언어, 중, 하나, 이상, 구사, 수, 분, 등, 이상, 사용, 경험, 작성, 및, 용량, 데이터베이스, 모델링, 등, 빅데이터, 프레임워크, 사용, 경험, 분, 등, 이용, 데이터, 시각, 경험, 분","go, python, ml, deep, learning, framework, scikit, learn, tensorflow, keras, sql, hadoop, mr, hive, spark, flink, presto, tableau, bi, tool",데이터 엔지니어
5년 이상 10년 이하의 클라우드 기반 데이터 플랫폼 구축 및 운영에 익숙한 분 데이터 어플리케이션 개발을 위한 프로그래밍 언어 Python 등 스킬을 보유한 분 데이터 ETL 파이프라인 구축 및 운영 경험이 있는 분 새로운 기술 및 트렌드를 추적하고 실 업무에 적용해보는 열정과 도전의식이 있는 분,"이상, 이하, 클라우드, 기반, 데이터, 플랫폼, 구축, 및, 운영, 분, 데이터, 어플리케이션, 개발, 위, 프로그래밍, 언어, 등, 스킬, 보유, 분, 데이터, 파이프라인, 구축, 및, 운영, 경험, 분, 기술, 및, 트렌드, 추적, 실, 업무, 적용, 열정, 도전, 의식, 분","python, etl",데이터 엔지니어
웹스퀘어 기반 사이트 스크래핑 업무 경험 홈택스 등 데이터 엔지니어링 관련 경력 3년 이상 혹은 그에 준하는 역량을 보유하신 분 Python Node js 등 하나 이상의 언어에 능숙하신 분 팀 워크 및 유관 부서와 협업 커뮤니케이션이 원할하신 분 코드의 가독성과 동료 리뷰의 중요성을 체감하고 계신 분,"웹, 스퀘어, 기반, 사이트, 스크, 래핑, 업무, 경험, 홈택스, 등, 데이터, 엔지니어링, 관련, 경력, 이상, 그, 준, 역량, 보유, 분, 등, 하나, 이상, 언어, 분, 팀, 워, 및, 유관, 부서, 협업, 커뮤니케이션, 분, 코드, 가독성, 동료, 리뷰, 중요성, 체감, 분","python, node, js",데이터 엔지니어
PostgreSQL 또는 Oracle 사용 가능자 기타 DBMS 사용 가능자 Cloud 환경에 대한 이해 및 경험자,"사용, 가능, 기타, 사용, 가능, 환경, 대한, 이해, 및, 경험","postgresql, oracle, dbms, cloud",데이터 엔지니어
유관 경력 2년 이상 혹은 그에 준하는 실력을 지니신 분 모바일 앱서비스 플랫폼 서비스 사업에서의 PM을 2년 이상 경험하신 분 고객중심 사고 데이터 기반 의사결정에 익숙한 분 다양한 직군과의 협업과 커뮤니케이션이 능숙하신 분 데이터 분석 프로젝트를 수행하면서 성과를 만들어보신 분,"유관, 경력, 이상, 그, 준, 실력, 분, 모바일, 앱, 서비스, 플랫폼, 서비스, 사업, 이상, 경험, 분, 고객, 중심, 사고, 데이터, 기반, 의사결정, 분, 직, 협업, 커뮤니케이션, 분, 데이터, 분석, 프로젝트, 수행, 성과, 보신, 분",pm,데이터 엔지니어
경력은 솔루션 지원 경헙이면 되고 희망연봉과 근거를 제시하면 됩니다 신입은 DB에 대한 이해와 적극적인 의지만 있으면 됩니다 초봉은 3500입니다 추가로 아래와 같은 자세와 스펙을 가지셨다면 훨씬 유리 합니다 외산 제품의 특성상 영문에 익숙할 수록 빠르게 적응할 수 있습니다 erwin 사용 경험이나 DB 모델링에 대한 이해 DB에 대한 이해가 많을 수록 훨씬 유리합니다 자기 이름이 들어간 erwin 연계 제품을 만들고 싶으신 분은 대 환영입니다 발표나 강의 말하기 좋아하시는 분들에게는 국내는 물론 해외를 대상으로도 많은 기회를 드릴 수 있습니다 문서나 동영상 작업을 잘하시는 분 이시면 굳이 말로 하지 않으셔도 됩니다 다양한 아이디어를 제안하고 실행하는 것을 좋아하시는 분이면 특별히 우대 합니다,"경력, 솔루션, 지원, 경, 희망, 연봉, 근거, 제시, 신입, 대한, 이해, 적극, 의지, 초봉, 추가, 아래, 자세, 스펙, 유리, 외산, 제품, 특성, 영문, 수록, 수, 사용, 경험, 모델링, 대한, 이해, 대한, 이해, 수록, 자기, 이름, 계, 제품, 분, 환영, 발표, 강의, 말, 분, 국내, 해외, 대상, 기회, 드릴, 수, 문서, 동영상, 작업, 분, 시, 굳이, 말로, 아이디어, 제안, 실행, 것, 우대","db, erwin, db, db, erwin",데이터 엔지니어
3년 이상 석 박사 학위 기간 포함 경력 보유 Linux UNIX 시스템에 대한 지식 소프트웨어의 고가용성 내고장성 구성 경험 Database 활용 경험 Docker 등 Container 환경에 대한 지식 오픈소스 도입 사용 경험 Github com ID 제출,"이상, 석, 박사, 학위, 기간, 포함, 경력, 보유, 시스템, 대한, 지식, 소프트웨어, 고가용성, 고장, 구성, 경험, 활용, 경험, 등, 환경, 대한, 지식, 오픈소스, 도입, 사용, 경험, 제출","linux, unix, database, docker, container, github, com, id",데이터 엔지니어
관련 업무 경험 3년 이상인 분 Postgresql Oracle MySQL MariaDB 등 DB 스키마 설계 구현 경험 SQL Stored Procedure 작성 능력이 있는 분 ER 다이어그램 작성 능력 데이터베이스에 대한 이해가 있으신 분 데이터베이스 튜닝으로 성능 향상 경험이 있으신 분,"관련, 업무, 경험, 이상인, 분, 등, 스키마, 설계, 구현, 경험, 작성, 능력, 분, 다이어그램, 작성, 능력, 데이터베이스, 대한, 이해, 분, 데이터베이스, 튜닝, 성능, 향상, 경험, 분","postgresql, oracle, mysql, mariadb, db, sql, stored, procedure, er",데이터 엔지니어
경력 3년 이상 Python을 통해 Airflow를 구축할 수 있는 분 새로운 기술에 빠르게 익숙해질 수 있는 분 데이터베이스에 대한 기본 지식이 있는 분 데이터 개선을 위해 끈기 있게 업무에 임해주실 수 있는 분,"경력, 이상, 통해, 를, 구축, 수, 분, 기술, 수, 분, 데이터베이스, 대한, 기본, 지식, 분, 데이터, 개선, 위해, 끈기, 업무, 임, 수, 분","python, airflow",데이터 엔지니어
Python을 능숙하게 사용하시는 분 3년 이상 데이터 파이프라인을 구축하고 운영해본 경험이 있으신 분 클라우드 환경 AWS GCP Azure 에서 다양한 서비스를 운영하고 구축한 경험이 있으신 분 동료를 존중하고 다양한 직군과 커뮤니케이션이 원활하신 분,"사용, 분, 이상, 데이터, 파이프라인, 구축, 운영, 경험, 분, 클라우드, 환경, 서비스, 운영, 구축, 경험, 분, 동료, 존중, 직, 커뮤니케이션, 분","python, aws, gcp, azure",데이터 엔지니어
학력 대졸 이상 석사 우대 경력 경력 1년 이상,"학력, 대졸, 이상, 석사, 우대, 경력, 경력, 이상",,데이터 엔지니어
이런 분을 찾고 있어요 대용량 데이터 처리를 위한 플랫폼 구축 및 발생되는 이슈들을 해결하고 싶으신 분 AWS의 다양한 데이터 분석 서비스들을 접하고 싶으신 분 DB에 대한 이해가 높으시고 SQL 작성 역량을 가지신 분 주요 기술 스택은 아래와 같아요 AWS S3 Airflow Glue EMR Kinesis Redshift MySQL ElasticSearch MongoDB Spark Kafka Python Java Shell Script,"분, 용량, 데이터, 처리, 위, 플랫폼, 구축, 및, 발생, 이슈, 해결, 분, 의, 데이터, 분석, 서비스, 접, 분, 대한, 이해, 작성, 역량, 분, 주요, 기술, 스택, 아래","aws, db, sql, aws, s, airflow, glue, emr, kinesis, redshift, mysql, elasticsearch, mongodb, spark, kafka, python, java, shell, script",데이터 엔지니어
학력 4년재 대학 졸업 이상 경력 해당 DBMS 분야의 엔지니어 또는 DBA 경력자 2년이상 10년미만 해당 DBMS PostgreSQL Oracle Tibero Altibase EDB eXperDB MySQL DB2 등,"학력, 대학, 졸업, 이상, 경력, 해당, 분야, 엔지니어, 경력, 해당, 등","dbms, dba, dbms, postgresql, oracle, tibero, altibase, edb, experdb, mysql, db",데이터 엔지니어
데이터 플랫폼 개발 혹은 데이터 모델링 경력이 3년 이상 이거나 이에 준하는 실력을 갖고 계신분 클라우드 환경 AWS GCP 에서 다양한 서비스를 운영하고 구축한 경험이 있으신 분 ETL ELT 처리에 능숙하신 분 문제의 본질을 이해하고 답을 찾기 위해 동료의 의견에 집중하시는 분 자신의 생각을 말 글 그림을 통해 합리적으로 표현할 수 있으신 분 문제 해결에 필요하다면 자신의 지식과 경험을 내려놓을 수 있으신 분 지금보다 더 나은 엔지니어로 성장하고 싶으신 분,"데이터, 플랫폼, 개발, 데이터, 모델링, 경력, 이상, 거나, 이, 준, 실력, 계, 신분, 클라우드, 환경, 서비스, 운영, 구축, 경험, 분, 처리, 분, 문제, 본질, 이해, 답, 찾기, 위해, 동료, 의견, 집중, 분, 자신, 생각, 말, 글, 그림, 통해, 합리, 표현, 수, 분, 문제, 해결, 자신, 지식, 경험, 수, 분, 지금, 더, 나은, 엔지니어, 분","aws, gcp, etl, elt",데이터 엔지니어
담당업무 관련 분야 중 경력 4년 이상이신 분 Computer vision Image Video processing 이론에 대한 전반적인 이해를 하신 분 업무 자동화를 위한 파이프라인 Airflow Kubeflow 등 을 구축하고 운영한 경험이 있으신 분 Kubernetes Docker 등 Container 환경에 대한 지식을 보유하신 분 딥러닝 모델을 활용하여 응용 분야에 대한 연구 개발 경험이 있으신 분 해외 출장에 결격 사유가 없는 분 팀원들과 적극적으로 소통할 수 있는 분 주도적으로 업무를 이끌어가시는 분 제출서류 자율 양식의 이력서 필수 포함내용 성향 및 업무 가치관 개발경험 성공 및 실패 경험 협업 or 프로젝트 진행 관련 개발 성과 협업 경험을 보여줄 수 있는 포트폴리오,"담당, 업무, 관련, 분야, 중, 경력, 이상, 분, 이론, 대한, 전반, 이해, 분, 업무, 자동화, 위, 파이프라인, 등, 구축, 운영, 경험, 분, 등, 환경, 대한, 지식, 보유, 분, 딥, 러닝, 모델, 활용, 응용, 분야, 대한, 연구, 개발, 경험, 분, 해외, 출장, 결격, 사유, 분, 팀원, 적극, 소통, 수, 분, 주도, 업무, 분, 제출, 서류, 자율, 양식, 이력서, 필수, 포함, 내용, 성향, 및, 업무, 가치관, 개발, 경험, 성공, 및, 실패, 경험, 협업, 프로젝트, 진행, 관련, 개발, 성과, 협업, 경험, 수, 포트폴리오","computer, vision, image, video, processing, airflow, kubeflow, kubernetes, docker, container, or",데이터 엔지니어
학력 무관 경력 신입 경력 년수무관,"학력, 무관, 경력, 신입, 경력, 년, 무관",,데이터 엔지니어
1 3년차 데이터 엔지니어링 경험 이나 컴퓨터공학 관련 학사 혹은 그에 준하는 실력 이 있으신 분이면 좋아요 파이썬으로 웹 스크래핑을 해보신 분이면 좋아요 데이터 엔지니어링 관련 팀 프로젝트를 해보신 분이면 좋아요 다양한 기술을 사용하여 개발을 진행보신 분이면 좋아요,"데이터, 엔지니어링, 경험, 이나, 컴퓨터공학, 관련, 학사, 그, 준, 실력, 이, 파이썬, 웹, 스크래핑, 데이터, 엔지니어링, 관련, 팀, 프로젝트, 기술, 사용, 개발, 진행, 보신",,데이터 엔지니어
데이터 엔지니어로 이런 분을 찾아요 데이터 엔지니어 관련 경력 3년 이상 혹은 그에 준하는 역량을 보유하신 분 알고리즘 데이터 구조 OS 데이터베이스 등 기본적인 전산 지식에 대한 이해를 갖고계신 분 Python으로 능숙한 개발이 가능하신 분 Hadoop MR Hive Spark 등 분산 처리 기술 관련 개발 경험이 있으신 분 다양한 데이터 소스로부터 데이터를 수집한 경험이 있으신 분 DB Third party Log Streaming 등 SQL 전문 지식과 AWS 클라우드 서비스 내 개발 및 운영 경험이 있으신 분 다양한 직군의 동료들과 원활하게 소통할 수 있으신 분 새로운 기술을 끊임없이 접하고 적용할 수 있으신 분 개발한 내용들을 정리하여 동료들과 공유할 수 있으신 분,"데이터, 엔지니어, 분, 데이터, 엔지니어, 관련, 경력, 이상, 그, 준, 역량, 보유, 분, 알고리즘, 데이터, 구조, 데이터베이스, 등, 기본, 전산, 지식, 대한, 이해, 분, 개발, 분, 등, 분산, 처리, 기술, 관련, 개발, 경험, 분, 데이터, 소스, 로부터, 데이터, 수집, 경험, 분, 등, 전문, 지식, 클라우드, 서비스, 내, 개발, 및, 운영, 경험, 분, 직, 동료, 소통, 수, 분, 기술, 접, 적용, 수, 분, 개발, 내용, 정리, 동료, 공유, 수, 분","os, python, hadoop, mr, hive, spark, db, third, party, log, streaming, sql, aws",데이터 엔지니어
데이터 수집 및 전처리 구축 경험이 있는 3년 이상의 경력자 또는 그에 준하는 실력을 갖춘 분 숙련된 SQL 능력과 Python 데이터 처리 경험을 보유한 분드,"데이터, 수집, 및, 처리, 구축, 경험, 이상, 경력, 그, 준, 실력, 분, 숙련, 능력, 데이터, 처리, 경험, 보유, 분드","sql, python",데이터 엔지니어
데이터 플랫폼 개발 혹은 거버넌스 업무 경력이 3년 이상이거나 이에 준하는 실력을 보유하신 분 SQL을 활용하여 기술통계를 처리하고 데이터를 분석할 수 있는 분 Python 프로그래밍이 가능하신 분핀다 데이터 플랫폼팀에서 사용하고 있는 기술 Python Scala SQL Apache Spark Delta Lake Airflow Kafka FastAPI Git ArgoCD Grafana,"데이터, 플랫폼, 개발, 거버넌스, 업무, 경력, 이상, 거나, 이, 준, 실력, 보유, 분, 활용, 술통, 처리, 데이터, 분석, 수, 분, 프로그래밍, 분, 데이터, 플랫폼, 팀, 사용, 기술","sql, python, python, scala, sql, apache, spark, delta, lake, airflow, kafka, fastapi, git, argocd, grafana",데이터 엔지니어
신입 컴퓨터공학 통계학 경영학 경영정보학 산업공학 등 관련학과 전공자 데이터분석도구 R SAS Python SAP등 을 이용한 Data Analysis Process 수행 가능자 데이터 추출 핸들링 EDA Statistical Analysis Data Mining Report Deployment 등일련의 분석 모델 개발 프로젝트 수행 Query 작성을 통해 필요 데이터에 대한 다양한 Manipulation 데이터 전처리 분석 마트 구축 등 이 가능한 자,"신입, 컴퓨터공학, 통계학, 경영학, 경영정보학, 산업, 공학, 등, 관련, 학과, 전공자, 데이터, 분석, 도구, 등, 이용, 수행, 가능, 데이터, 추출, 핸들링, 등, 일련, 분석, 모델, 개발, 프로젝트, 수행, 작성, 통해, 필요, 데이터, 대한, 데이터, 처리, 분석, 마트, 구축, 등, 이, 자","r, sas, python, sap, data, analysis, process, eda, statistical, analysis, data, mining, report, deployment, query, manipulation",데이터 엔지니어
경력 10년 미만 컴퓨터공학 통계학 경영학 경영정보학 산업공학 등 관련학과 전공자 데이터분석도구 R SAS Python SAP등 을 이용한 Data Analysis Process 수행 가능자 데이터 추출 핸들링 EDA Statistical Analysis Data Mining Report Deployment 등일련의 분석 모델 개발 프로젝트 수행 Query 작성을 통해 필요 데이터에 대한 다양한 Manipulation 데이터 전처리 분석 마트 구축 등 이 가능한 자,"경력, 미만, 컴퓨터공학, 통계학, 경영학, 경영정보학, 산업, 공학, 등, 관련, 학과, 전공자, 데이터, 분석, 도구, 등, 이용, 수행, 가능, 데이터, 추출, 핸들링, 등, 일련, 분석, 모델, 개발, 프로젝트, 수행, 작성, 통해, 필요, 데이터, 대한, 데이터, 처리, 분석, 마트, 구축, 등, 이, 자","r, sas, python, sap, data, analysis, process, eda, statistical, analysis, data, mining, report, deployment, query, manipulation",데이터 엔지니어
DW 혹은 Data Lake 논리 물리적 설계 능력 보유 ELT 스트리밍 파이프라인 개발 경험 보유 데이터베이스 기본 쿼리 작성 능력 보유 프로그래밍 언어 기초 능력 보유,"논리, 물리, 설계, 능력, 보유, 스트리밍, 파이프라인, 개발, 경험, 보유, 데이터베이스, 기본, 쿼리, 작성, 능력, 보유, 프로그래밍, 언어, 기초, 능력, 보유","dw, data, lake, elt",데이터 엔지니어
경력 3년 이상 Oracle Database 운영 백업 모니터링 장애처리 경험자 DB Schema 관리 및 DB 성능 최적화 Oracle DB 및 RAC 설치 운영 경험자 DB Migration 경험,"경력, 이상, 운영, 백업, 모니터링, 장애, 처리, 경험, 관리, 및, 성능, 최적화, 및, 설치, 운영, 경험, 경험","oracle, database, db, schema, db, oracle, db, rac, db, migration",데이터 엔지니어
3 5년 이상의 AWS GCP등 cloud native 환경에서의 데이터 인프라 구축 및 운영 경험을 가지고 있습니다 안정적이고 확장가능한 데이터 제품을 설계하고 이를 서빙하기 위해 필요한 사항을 직접 구현할 수있습니다 높은 코드 퀄리티와 아키텍쳐 수준을 지향하며 이를 데이터 플랫폼 및 데이터 제품에 녹여낼 수 있습니다 Airflow와 같은 workflow orchestrator Prefect Oozie등 에 대한 이해와 이를 활용한workflow 개발 경험이 있습니다 CS 전공자 또는 그에 상응하는 알고리즘 데이터구조 OS 데이터베이스 등 기본적인 전산 지식을보유하고 이를 업무에 활용할 수 있습니다,"이상, 등, 환경, 데이터, 인프라, 구축, 및, 운영, 경험, 가지, 안정, 확장, 데이터, 제품, 설계, 서빙, 위해, 사항, 직접, 구현, 수, 코드, 퀄리티, 아키텍쳐, 수준, 지향, 데이터, 플랫폼, 및, 데이터, 제품, 낼, 수, 등, 대한, 이해, 활용, 개발, 경험, 전공자, 그, 상응, 알고리즘, 데이터, 구조, 데이터베이스, 등, 기본, 전산, 지식, 보유, 업무, 활용, 수","aws, gcp, cloud, native, airflow, workflow, orchestrator, prefect, oozie, workflow, cs, os",데이터 엔지니어
인프라 및 데이터 관련 5년 이상 경력자 전산학에 대한 기본적인 이해도가 있는 분 Java Scala Python 등에 대해 능숙하게 다룰 수 있는 언어를 1 개 이상보유하신 분 Hadoop Ecosystem 관련 기본 지식을 갖추고 계신 분,"인프라, 및, 데이터, 관련, 이상, 경력, 전산학, 대한, 기본, 이해도, 분, 등, 대해, 수, 언어, 개, 이상보, 유하, 신, 분, 관련, 기본, 지식, 분","java, scala, python, hadoop, ecosystem",데이터 엔지니어
컴퓨터 및 유관 분야 학사 이상 정보보호 업무 3년 이상 데이터 보안 업무 경력 정보보호 정책에 대한 이해 및 관리체계 절차에 대한 지식 및 경험 시스템 보안 설치 및 운영 취약점 분석 능력 AI ML주요 개념 및 개발 프로세스에 대한 개념적 수준의 이해 Data Science에 대한 기본적인 이해 Shell Python 등 최소 1개 이상의 스크립트 언어 활용 가능자 적극적이고 원활한 의사 소통 능력 투명한 정보 공유와 원활한 상호 피드백이 가능한 문화를 리드할 수 있는 역량,"컴퓨터, 및, 유관, 분야, 학사, 이상, 정보보호, 업무, 이상, 데이터, 보안, 업무, 경력, 정보보호, 정책, 대한, 이해, 및, 관리, 체계, 절차, 대한, 지식, 및, 경험, 시스템, 보안, 설치, 및, 운영, 취약점, 분석, 능력, 주요, 개념, 및, 개발, 프로세스, 대한, 개념, 수준, 이해, 대한, 기본, 이해, 등, 최소, 개, 이상, 스크립트, 언어, 활용, 가능, 적극, 의사, 소통, 능력, 정보, 공유, 상호, 피드백, 문화, 리드, 수, 역량","ai, ml, data, science, shell, python",데이터 엔지니어
데이터 수집 전처리 중 1개 이상 구축 경험이 있는 1년 이상의 경력자 또는 그에 준하는 실력을 갖춘 분 대규모 데이터 파이프라인 포함 서비스 개발 경험 3년 이상 또는 그에 준하는 실력을 갖춘 분 1개 이상의 프로그래밍 언어에 능숙하신 분 배치 및 실시간 데이터 처리 아키텍처에 대한 이해도가 높고 서비스에 적용한 경험이 있는 분,"데이터, 수집, 처리, 중, 개, 이상, 구축, 경험, 이상, 경력, 그, 준, 실력, 분, 대규모, 데이터, 파이프라인, 포함, 서비스, 개발, 경험, 이상, 그, 준, 실력, 분, 개, 이상, 프로그래밍, 언어, 분, 배치, 및, 실시간, 데이터, 처리, 아키텍처, 대한, 이해도, 서비스, 적용, 경험, 분",,데이터 엔지니어
리눅스 엔지니어,"리눅스, 엔지니어",,데이터 엔지니어
실서비스 운영 경험 게임 앱 등 시드 시리즈 A 라운드 스타트업 경험 데이터 엔지니어 경력 빅데이터 파이프라인 개발 경험 k8s에 대한 이해 국내외 유수의 대학에서 정량적 분석적 분야와 관련된 전공 예 수학 컴퓨터공학 물리학 산업공학 금융공학 등 으로 학사 석사 혹은 박사학위를 취득하신 분 컴퓨터 공학 전공자 혹은 그에 준하는 전공 지식을 보유한 자,"실, 서비스, 운영, 경험, 게임, 앱, 등, 시드, 시리즈, 라운드, 스타트업, 경험, 데이터, 엔지니어, 경력, 빅데이터, 파이프라인, 개발, 경험, 대한, 이해, 국내외, 유수, 대학, 정량, 분석, 분야, 관련, 전공, 예, 수학, 컴퓨터공학, 물리학, 산업, 공학, 금융공학, 등, 학사, 석사, 박사학위, 취득, 분, 컴퓨터, 공학, 전공자, 그, 준, 전공, 지식, 보유, 자","a, k, s",데이터 엔지니어
학력 초대졸이상데이터베이스 운영 및 관리 경력 2년 이상데이터베이스 장애 발생 시 이수해결 및 리포팅 가능적극적이고 원활한 커뮤니케이션 가능,"학력, 초대, 졸, 이상, 데이터베이스, 운영, 및, 관리, 경력, 이상, 데이터베이스, 장애, 발생, 시, 이수, 해결, 및, 리, 포팅, 가능, 적극, 커뮤니케이션, 가능",,데이터 엔지니어
유관 경력 5년 이상이신 분 복잡하고 반복적인 문제를 단순화 및 자동화하여 해결하고 싶으신 분 데이터 파이프라인 ETL 개발 경험이 있으신 분 SQL Python을 이용한 서비스 개발 경험이 있으신 분 Airflow 등 Workflow Tool 개발 및 운영 경험이 있으신 분 분석 업무를 위한 데이터 마트 구축 및 운영 경험을 보유하신 분,"유관, 경력, 이상, 분, 반복, 문제, 단순화, 및, 자동화, 해결, 분, 데이터, 파이프라인, 개발, 경험, 분, 이용, 서비스, 개발, 경험, 분, 등, 개발, 및, 운영, 경험, 분, 분석, 업무, 위, 데이터, 마트, 구축, 및, 운영, 경험, 보유, 분","etl, sql, python, airflow, workflow, tool",데이터 엔지니어
대용량 데이터 처리 시스템 설계 및 운영 경험이 있으신 분 AWS 클라우드 환경에서의 개발 및 운영 경험이 있으신 분 Airflow 구축 및 활용 경험이 있으신 분 컨테이너 기반 환경의 서비스 구축 경험이 있으신 분 다양한 시각화 툴과 분석 툴을 연동해서 데이터 검증 및 운영 효율을 높인 경험이 있으신 분,"용량, 데이터, 처리, 시스템, 설계, 및, 운영, 경험, 분, 클라우드, 환경, 개발, 및, 운영, 경험, 분, 구축, 및, 활용, 경험, 분, 컨테이너, 기반, 환경, 서비스, 구축, 경험, 분, 시각, 툴, 분석, 툴, 연동, 데이터, 검증, 및, 운영, 효율, 경험, 분","aws, airflow",데이터 엔지니어
데이터 파이프라인 구축 대용량 데이터 처리 경험이 있으신 분 데이터 엔지니어 업무를 3년 이상 수행하신 분 다차원 모델링을 통한 DW DM 설계 역량을 보유하신 분 SQL 사용 및 튜닝 역량 Java back end 개발자이면서 빅 데이터 환경을 경험해 보신 분 Java spring python 개발 역량이 있으신 분 클라우드 환경 빅 데이터 환경 경험해 보신 분,"데이터, 파이프라인, 구축, 용량, 데이터, 처리, 경험, 분, 데이터, 엔지니어, 업무, 이상, 수행, 분, 다차원, 모델링, 통한, 설계, 역량, 보유, 분, 사용, 및, 튜닝, 역량, 개발자, 면서, 빅, 데이터, 환경, 경험, 보신, 분, 개발, 역량, 분, 클라우드, 환경, 빅, 데이터, 환경, 경험, 보신, 분","dw, dm, sql, java, back, end, java, spring, python",데이터 엔지니어
유관 경력 5년 이상 Java Kotlin Scala Python 중 1개 이상 언어로 백엔드 서버 개발 역량이 있으신 분 SQL상급 Python 중급 이상의 역량이 있으신 분 신용평가모형 개발 환경 제도 규제에 대한 이해를 바탕으로 데이터마트를 주도적으로 설계 구축 운영한 경험이 있으신 분 다양한 시각화 툴과 분석 툴을 연동해서 운영 효율을 높인 경험이 있으신 분 Airflow 운영 및 트러블슈팅이 가능하신 분,"유관, 경력, 이상, 중, 개, 이상, 언어, 백엔드, 서버, 개발, 역량, 분, 상급, 중, 이상, 역량, 분, 신용, 평가, 모형, 개발, 환경, 제도, 규제, 대한, 이해, 바탕, 데이터마트, 주도, 설계, 구축, 운영, 경험, 분, 시각, 툴, 분석, 툴, 연동, 운영, 효율, 경험, 분, 운영, 및, 트러블, 슈팅, 분","java, kotlin, scala, python, sql, python, airflow",데이터 엔지니어
데이터 어플리케이션 개발을 위한 개발 역량을 갖추신 분 Kotlin Java Python Go Scala중 한가지 이상 대용량 분산 시스템 Hadoop Kafka Spark 등 활용 경험 MSA 환경에서 대용량 데이터 처리 및 준 실시간 데이터 처리 경험,"데이터, 어플리케이션, 개발, 위, 개발, 역량, 분, 중, 한가지, 이상, 용량, 분산, 시스템, 등, 활용, 경험, 환경, 용량, 데이터, 처리, 및, 준, 실시간, 데이터, 처리, 경험","kotlin, java, python, go, scala, hadoop, kafka, spark, msa",데이터 엔지니어
3 5년 이상의 AWS GCP등 cloud native 환경에서의 데이터 인프라 구축 및 운영 경험을 가지 고 있습니다 안정적이고 확장가능한 데이터 제품을 설계하고 이를 서빙하기 위해 필요한 사항을 직접 구현할 수 있습니다 높은 코드 퀄리티와 아키텍쳐 수준을 지향하며 이를 데이터 플랫폼 및 데이터 제품에 녹여낼 수 있 습니다 Airflow와 같은 workflow orchestrator Prefect Oozie등 에 대한 이해와 이를 활용한 workflow 개발 경험이 있습니다 CS 전공자 또는 그에 상응하는 알고리즘 데이터구조 OS 데이터베이스 등 기본적인 전산 지식을 보유하고 이를 업무에 활용할 수 있습니다,"이상, 등, 환경, 데이터, 인프라, 구축, 및, 운영, 경험, 가지, 고, 안정, 확장, 데이터, 제품, 설계, 서빙, 위해, 사항, 직접, 구현, 수, 코드, 퀄리티, 아키텍쳐, 수준, 지향, 데이터, 플랫폼, 및, 데이터, 제품, 낼, 수, 등, 대한, 이해, 활용, 개발, 경험, 전공자, 그, 상응, 알고리즘, 데이터, 구조, 데이터베이스, 등, 기본, 전산, 지식, 보유, 업무, 활용, 수","aws, gcp, cloud, native, airflow, workflow, orchestrator, prefect, oozie, workflow, cs, os",데이터 엔지니어
3년 이상의 개발 관련 백엔드 or DBA 등 경험 및 그 중 1년 이상의 데이터 엔지니어링 경험이 있으신 분 Python Java 중 하나 이상의 언어를 이용한 어플리케이션 경험이 있으신 분 대용량 데이터 처리를 위한 플랫폼 구축 및 발생되는 이슈들을 해결하고 싶으신 분 AWS의 다양한 데이터 분석 서비스들을 접하고 싶으신 분 DB에 대한 이해도가 높으시고 SQL 작성 역량을 가지신 분,"이상, 개발, 관련, 백엔드, 등, 경험, 및, 그, 중, 이상, 데이터, 엔지니어링, 경험, 분, 중, 하나, 이상, 언어, 이용, 어플리케이션, 경험, 분, 용량, 데이터, 처리, 위, 플랫폼, 구축, 및, 발생, 이슈, 해결, 분, 의, 데이터, 분석, 서비스, 접, 분, 대한, 이해도, 작성, 역량, 분","or, dba, python, java, aws, db, sql",데이터 엔지니어
소프트웨어 개발 라이프 사이클 전반에 걸쳐 품질 관리 경험이 있으신 분 테스트케이스 설계가 가능하며 결함 관리 시스템 JIRA 에 대한 경험이 있으신 분 데이터 검수 혹은 소프트웨어 QA 엔지니어링 경력이 1년 이상이신 분,"소프트웨어, 개발, 라이프, 사이클, 전반, 품질, 관리, 경험, 분, 테스트, 케이스, 설계, 결함, 관리, 시스템, 대한, 경험, 분, 데이터, 검수, 소프트웨어, 엔지니어링, 경력, 이상, 분","jira, qa",데이터 엔지니어
Python SQL 웹크롤링 ETL AWS git 부동산 개발 투자 지식 및 고급 지표화 개발 경험,"웹, 크롤, 링, 부동산, 개발, 투자, 지식, 및, 고급, 지표, 개발, 경험","python, sql, etl, aws, git",데이터 엔지니어
학력 학사이상 경력 3년 이상 데이터 수집 및 전처리 구축 경험이 있는 3년 이상의 경력자 또는 그에 준하는 실력을 갖춘 분 숙련된 SQL 능력과 Python 데이터 처리 경험을 보유한 분,"학력, 학사, 이상, 경력, 이상, 데이터, 수집, 및, 처리, 구축, 경험, 이상, 경력, 그, 준, 실력, 분, 숙련, 능력, 데이터, 처리, 경험, 보유, 분","sql, python",데이터 엔지니어
데이터 플랫폼 개발 혹은 거버넌스 업무 경력이 3년 이상이거나 이에 준하는 실력을 보유하신 분 SQL을 활용하여 기술통계를 처리하고 데이터를 분석할 수 있는 분 Python 프로그래밍이 가능하신 분,"데이터, 플랫폼, 개발, 거버넌스, 업무, 경력, 이상, 거나, 이, 준, 실력, 보유, 분, 활용, 술통, 처리, 데이터, 분석, 수, 분, 프로그래밍, 분","sql, python",데이터 엔지니어
컴퓨터 과학 공학 또는 관련 분야에서 학사 이상의 학위 소지 데이터 ML 소프트웨어 엔지니어링 분야에서 5년 이상의 경험 Airflow Prefect Dagster 등의 도구를 사용한 ETL ELT 파이프라인과 데이터 오케스트레이션에 대한 경험 AWS Azure GCP Snowflake Databricks 등의 클라우드 기반 데이터 솔루션에 대한 경험 Python과 SQL에 대한 숙련도 버전 관리와 협업을 위한 Git Github에 대한 숙련도 소프트웨어 컨테이너화 및 오케스트레이션을 위한 Docker Docker Compose에 대한 숙련도 뛰어난 문제 해결 능력 및 협업 능력,"컴퓨터, 과학, 공학, 관련, 분야, 학사, 이상, 학위, 소지, 데이터, 소프트웨어, 엔지니어링, 분야, 이상, 경험, 등, 도구, 사용, 파이프라인, 데이터, 케스트, 레이, 션, 대한, 경험, 등, 클라우드, 기반, 데이터, 솔루션, 대한, 경험, 과, 대한, 숙련, 버전, 관리, 협업, 위, 대한, 숙련, 소프트웨어, 컨테이너화, 및, 케스트, 레이, 션, 위, 대한, 숙련, 문제, 해결, 능력, 및, 협업, 능력","ml, airflow, prefect, dagster, etl, elt, aws, azure, gcp, snowflake, databricks, python, sql, git, github, docker, docker, compose",데이터 엔지니어
유관 경력 5년 이상이신 분 복잡하고 반복적인 문제를 단순화 및 자동화하여 해결하고 싶으신 분 데이터 파이프라인 ETL 개발 경험이 있으신 분 SQL Python을 이용한 서비스 개발 경험이 있으신 분 Airflow 등 Workflow Tool 개발 및 운영 경험이 있으신 분 분석 업무를 위한 데이터 마트 구축 및 운영 경험을 보유하신 분 구글 클라우드 운영 및 관리 경험이 있으신 분,"유관, 경력, 이상, 분, 반복, 문제, 단순화, 및, 자동화, 해결, 분, 데이터, 파이프라인, 개발, 경험, 분, 이용, 서비스, 개발, 경험, 분, 등, 개발, 및, 운영, 경험, 분, 분석, 업무, 위, 데이터, 마트, 구축, 및, 운영, 경험, 보유, 분, 구글, 클라우드, 운영, 및, 관리, 경험, 분","etl, sql, python, airflow, workflow, tool",데이터 엔지니어
3년 이상 대용량 데이터 처리 시스템 개발 및 운영 경험 혹은 이에 준하는 역량이 있으신 분 클라우드 환경에서의 데이터 플랫폼 구축 및 운영이 가능하신 분 하나 이상의 백엔드 프로그래밍 언어 Python Scala Java Go 등 에 능숙하신 분 Airflow 등을 활용한 워크플로우 관리 경험이 있으신 분,"이상, 용량, 데이터, 처리, 시스템, 개발, 및, 운영, 경험, 이, 준, 역량, 분, 클라우드, 환경, 데이터, 플랫폼, 구축, 및, 운영, 분, 하나, 이상, 백엔드, 프로그래밍, 언어, 등, 분, 등, 활용, 워크플로우, 관리, 경험, 분","python, scala, java, go, airflow",데이터 엔지니어
경력 1년 이상,"경력, 이상",,데이터 엔지니어
관련 업무 경험 3년 이상인 분 Postgresql Oracle MySQL MariaDB 등 DB 스키마 설계 구현 경험 SQL Stored Procedure 작성 능력이 있는 분 ER 다이어그램 작성 능력 데이터베이스에 대한 이해가 있으신 분 데이터베이스 튜닝으로 성능 향상 경험이 있으신 분,"관련, 업무, 경험, 이상인, 분, 등, 스키마, 설계, 구현, 경험, 작성, 능력, 분, 다이어그램, 작성, 능력, 데이터베이스, 대한, 이해, 분, 데이터베이스, 튜닝, 성능, 향상, 경험, 분","postgresql, oracle, mysql, mariadb, db, sql, stored, procedure, er",데이터 엔지니어
유관 경험 경력 2년 이상이신 분 C C 경험이 있으신 분 차량 Network 진단 데이터 개발 경험이 있으신 분,"유관, 경험, 경력, 이상, 분, 경험, 분, 차량, 진단, 데이터, 개발, 경험, 분","c, c, network",데이터 엔지니어
비동기처리에 대한 이해 네트워크 및 웹서비스에 대한 이해 텍스트 데이터에 대한 처리 경험,"비, 처리, 대한, 이해, 네트워크, 및, 웹서비스, 대한, 이해, 텍스트, 데이터, 대한, 처리, 경험",,데이터 엔지니어
웹서비스에 대한 이해 RDS에 대한 이해 NodeJS 개발 경력,"웹서비스, 대한, 이해, 대한, 이해, 개발, 경력","rds, nodejs",데이터 엔지니어
학력 초대졸 이상 경력 2년 8년 컴퓨터 관련 학과 졸업 혹은 그에 상응하는 역량을 보유하신 분 소프트웨어 공학 및 테스팅 도메인 지식이 있으신 분 웹 UI 검증 진행 경험이 있으신 분 해외여행에 결격사유가 없는 자,"학력, 초대, 졸, 이상, 경력, 컴퓨터, 관련, 학과, 졸업, 그, 상응, 역량, 보유, 분, 소프트웨어, 공학, 및, 테, 스팅, 도메인, 지식, 분, 웹, 검증, 진행, 경험, 분, 해외여행, 결격, 사유, 자",ui,데이터 엔지니어
학력 초대졸 이상 경력 신입 컴퓨터 관련 학과 졸업 혹은 그에 상응하는 역량을 보유하신 분 긍정적인 마인드와 유연한 커뮤니케이션 능력이 있으신 분 해외여행에 결격사유가 없는 자,"학력, 초대, 졸, 이상, 경력, 신입, 컴퓨터, 관련, 학과, 졸업, 그, 상응, 역량, 보유, 분, 긍정, 마인드, 커뮤니케이션, 능력, 분, 해외여행, 결격, 사유, 자",,데이터 엔지니어
경력 5년 이상 데이터 엔지니어 경력자 SQL을 사용해 Raw Data를 추출하고 가공하여 데이터 분석이 가능한 분 클라우드 환경 AWS 에서의 데이터 플랫폼 설계 및 구축 경험 ETL 솔루션 사용 능력 다양한 툴이나 분석 방법론에 대해서 새롭게 학습하고 적용할 수 있는 분,"경력, 이상, 데이터, 엔지니어, 경력, 사용, 를, 추출, 가공, 데이터, 분석, 분, 클라우드, 환경, 데이터, 플랫폼, 설계, 및, 구축, 경험, 솔루션, 사용, 능력, 툴, 분석, 방법론, 대해, 학습, 적용, 수, 분","sql, raw, data, aws, etl",데이터 엔지니어
Python Java Scala Javascript 등의 언어를 이용하여 프로그램 작성이 가능하신 분 Spark Hadoop Hive 등 하둡 관련 시스템 유경험자 데이터 시각화에 관심 있으신 분 수집 자동화 프로그램 작성 유경험자 SQL 작성 가능자,"등, 언어, 이용, 프로그램, 작성, 분, 등, 하둡, 관련, 시스템, 유, 경험, 데이터, 시각, 관심, 분, 수집, 자동화, 프로그램, 작성, 유, 경험, 작성, 가능","python, java, scala, javascript, spark, hadoop, hive, sql",데이터 엔지니어
이런 동료를 찾습니다 2년 이상의 유관 업무 경력이 있으신 분 오픈 소스 솔루션 기반의 데이터 플랫폼 개발 및 운영 역량이 있으신 분 대용량 데이터 처리 및 분석을 위한 시스템 요구 사항을 이해하고 구축 경험이 있으신 분 Spark을 이용한 빅데이터 처리 경험이 있으신 분 Airflow Jenkins 운영 경험이 있으신 분 SQL Python에 대한 기술 역량이 있으신 분 프로젝트 관리 및 문제 해결 역량이 있으신 분 높은 창의성 혁신성 결과 지향적 사고 역량이 있으신 분,"동료, 이상, 유관, 업무, 경력, 분, 오픈, 소스, 솔루션, 기반, 데이터, 플랫폼, 개발, 및, 운영, 역량, 분, 용량, 데이터, 처리, 및, 분석, 위, 시스템, 요구, 사항, 이해, 구축, 경험, 분, 이용, 빅데이터, 처리, 경험, 분, 운영, 경험, 분, 대한, 기술, 역량, 분, 프로젝트, 관리, 및, 문제, 해결, 역량, 분, 창의성, 혁신, 결과, 지향, 사고, 역량, 분","spark, airflow, jenkins, sql, python",데이터 엔지니어
유관 업무 최소 3년 이상이신 분 Python 언어에 능숙하신 분 BigQuery MYSQL 등 DBA 능력을 갖추신 분 하이퍼 캐주얼 게임을 즐겨하시고 아이디어를 발굴 기획하는데 관심이 많으신 분,"유관, 업무, 최소, 이상, 분, 언어, 분, 등, 능력, 분, 하이퍼, 캐, 주얼, 게임, 아이디어, 발굴, 기획, 관심, 분","python, bigquery, mysql, dba",데이터 엔지니어
데이터 프로세싱 데이터 구조 최적화 분산 아키텍처에 대한 경험과 이해 보유 CI CD 프로세스에 대한 이해도 Python PANDAS SQL 기타 언어를 이용한 데이터 처리 경험 비즈니스에 맞는 백엔드 아키텍처를 제안할 수 있는 분,"데이터, 프로세싱, 데이터, 구조, 최적화, 분산, 아키텍처, 대한, 경험, 이해, 보유, 프로세스, 대한, 이해도, 기타, 언어, 이용, 데이터, 처리, 경험, 비즈니스, 백엔드, 아키텍처, 제안, 수, 분","ci, cd, python, pandas, sql",데이터 엔지니어
5년 이상 10년 이하의 클라우드 기반 데이터 플랫폼 구축 및 운영에 익숙한 분 데이터 어플리케이션 개발을 위한 프로그래밍 언어 Python 등 스킬을 보유한 분 데이터 ETL 파이프라인 구축 및 운영 경험이 있는 분 새로운 기술 및 트렌드를 추적하고 실 업무에 적용해보는 열정과 도전의식이 있는 분,"이상, 이하, 클라우드, 기반, 데이터, 플랫폼, 구축, 및, 운영, 분, 데이터, 어플리케이션, 개발, 위, 프로그래밍, 언어, 등, 스킬, 보유, 분, 데이터, 파이프라인, 구축, 및, 운영, 경험, 분, 기술, 및, 트렌드, 추적, 실, 업무, 적용, 열정, 도전, 의식, 분","python, etl",데이터 엔지니어
스타트업에서 데이터 파이프라인 인프라 구축 경험이 있는 분 스타트업 근무 경력자 및 근무 희망자 플랫폼 O2O 비즈니스에 대한 관심과 경험이 있으신 분 데이터 플랫폼을 주도적으로 만들어보신 분 앱 데이터를 분석하고 이를 바탕으로 프로덕트를 개선한 경험이 있으신 분,"스타트업, 데이터, 파이프라인, 인프라, 구축, 경험, 분, 스타트업, 근무, 경력, 및, 근무, 희망, 플랫폼, 비즈니스, 대한, 관심, 경험, 분, 데이터, 플랫폼, 주도, 보신, 분, 앱, 데이터, 분석, 바탕, 프로덕트, 개선, 경험, 분","o, o",데이터 엔지니어
Python Node js 서버 설계 및 구현 경험이 있으신 분 요구사항에 따른 SQL 모델링 및 최적화 경험이 있으신 분 Linux 기반 개발 경험 우수한 커뮤니케이션 능력과 협업능력을 갖추신 분 컴퓨터 공학 관련 전공 졸업자,"서버, 설계, 및, 구현, 경험, 분, 요구사항, 모델링, 및, 최적화, 경험, 분, 기반, 개발, 경험, 커뮤니케이션, 능력, 협업, 능력, 분, 컴퓨터, 공학, 관련, 전공, 졸업","python, node, js, sql, linux",데이터 엔지니어
이런 동료를 찾습니다 유관 업무 경력이 2년 이상이신 분 머신러닝 및 수학적 모델링의 데이터 전처리 및 개발 전반을 이해하시고 개선할 수 있는 분 SQL NoSQL Python R 등 데이터 분석 툴 사용에 능숙하며 데이터 시각화 툴을 활용해 대시보드 구축이 가능하신 분 AI 개발을 위해 데이터 추출 전처리 분석 AI 모델 개발까지 데이터 분석 전 과정을 경험해보신 분 문제 정의 기획 데이터수집 전처리 분석 모델링 가능하신 분 데이터를 관리 및 분석하고 AI 모델을 고도화하기 위해 다양한 기술을 적용할 수 있는 분 비즈니스의 최전선에서 데이터 기반의 설득력을 통해 혁신을 만들어 내고 싶은 분 기획 운영 AI 개발 3D 개발 HW 개발 데이터 가공 등 다양한 직군과 원활한 커뮤니케이션 및 협업이 가능하신 분,"동료, 유관, 업무, 경력, 이상, 분, 머신, 러닝, 및, 수학, 모델링, 데이터, 처리, 및, 개발, 전반, 이해, 개선, 수, 분, 등, 데이터, 분석, 툴, 사용, 데이터, 시각, 툴, 활용, 대시보드, 구축, 분, 개발, 위해, 데이터, 추출, 처리, 분석, 모델, 개발, 데이터, 분석, 전, 과정, 경험, 분, 문제, 정의, 기획, 데이터, 수집, 처리, 분석, 모델링, 분, 데이터, 관리, 및, 분석, 모델, 고도화, 위해, 기술, 적용, 수, 분, 비즈니스, 최전선, 데이터, 기반, 설득, 통해, 혁신, 분, 기획, 운영, 개발, 개발, 개발, 데이터, 가공, 등, 직, 커뮤니케이션, 및, 협업, 분","sql, nosql, python, r, ai, ai, ai, ai, d, hw",데이터 엔지니어
데이터 솔루션이나 플랫폼 구축 프로젝트 관련 수행 경험이 있는 분 8년 이상 ETL 프로세스 클라우드 기반 Data Pipeline에 대한 지식과 활용능력을 보유한 분 데이터 처리와 관련하여 Python SQL을 능숙하게 활용 가능한 분 신규 데이터 관련 기술에 대한 호기심을 바탕으로 프로토타이핑을 즐기는 분 데이터 분석가 서비스 기획가 및 데이터 사이언티스트 간의 명확한 커뮤니케이션이 가능한 분,"데이터, 솔루션, 플랫폼, 구축, 프로젝트, 관련, 수행, 경험, 분, 이상, 프로세스, 클라우드, 기반, 대한, 지식, 활용, 능력, 보유, 분, 데이터, 처리, 관련, 활용, 분, 신규, 데이터, 관련, 기술, 대한, 호기심, 바탕, 프로토타이핑, 분, 데이터, 분석, 서비스, 기획, 및, 데이터, 티스, 트, 간의, 커뮤니케이션, 분","etl, data, pipeline, python, sql",데이터 엔지니어
클라우드 환경에 대한 이해와 경험이 있는 분 클라우드 환경의 Serverless 데이터베이스 운영 SQL 쿼리 작성 능력이 있는 분 데이터 분석가 데이터 엔지니어 및 타 부서와의 커뮤니케이션이 원활한 분 비즈니스 요건에 맞는 백엔드 아키텍처 제안을 할 수 있는 분 직무관련 경험 3년 이상,"클라우드, 환경, 대한, 이해, 경험, 분, 클라우드, 환경, 데이터베이스, 운영, 쿼리, 작성, 능력, 분, 데이터, 분석, 데이터, 엔지니어, 및, 타, 부서, 커뮤니케이션, 분, 비즈니스, 요건, 백엔드, 아키텍처, 제안, 수, 분, 직무, 관련, 경험, 이상","serverless, sql",데이터 엔지니어
데이터 솔루션이나 플랫폼 구축 프로젝트 관련 수행 경험이 있는 분 ETL 프로세스 클라우드 기반 Data Pipeline Data Lake에 대한 지식과 활용능력을 보유한 분 데이터 처리와 관련하여 Python SQL을 능숙하게 활용 가능한 분 신규 데이터 관련 기술에 대한 호기심을 바탕으로 프로토타이핑을 즐기는 분 데이터 분석가 서비스 기획가 및 데이터 사이언티스트 간의 명확한 커뮤니케이션이 가능한 분,"데이터, 솔루션, 플랫폼, 구축, 프로젝트, 관련, 수행, 경험, 분, 프로세스, 클라우드, 기반, 대한, 지식, 활용, 능력, 보유, 분, 데이터, 처리, 관련, 활용, 분, 신규, 데이터, 관련, 기술, 대한, 호기심, 바탕, 프로토타이핑, 분, 데이터, 분석, 서비스, 기획, 및, 데이터, 티스, 트, 간의, 커뮤니케이션, 분","etl, data, pipeline, data, lake, python, sql",데이터 엔지니어
산업 공학 컴퓨터 공학 등 관련 전공자 소프트웨어 개발 및 프로젝트 관리에 대한 광범위한 경험 CI CD 툴 능숙자 원활한 의사소통 및 프레젠테이션 기술,"산업, 공학, 컴퓨터, 공학, 등, 관련, 전공자, 소프트웨어, 개발, 및, 프로젝트, 관리, 대한, 경험, 툴, 능, 숙자, 의사소통, 및, 프레, 젠, 테이, 션, 기술","ci, cd",데이터 엔지니어
해당 경력 5년차 이상 또는 이에 상응하는 업무 능력 보유 Spark Hive Presto Elastic Stack 등을 이용한 데이터 파이프라인 설계 구축 운영 경험 Python Scala Java 중 하나 이상을 사용해 프로그래밍 경험하신 분 중급 이상의 SQL 작성 능력,"해당, 경력, 이상, 이, 상응, 업무, 능력, 보유, 등, 이용, 데이터, 파이프라인, 설계, 구축, 운영, 경험, 중, 하나, 이상, 사용, 프로그래밍, 경험, 분, 중, 이상, 작성, 능력","spark, hive, presto, elastic, stack, python, scala, java, sql",데이터 엔지니어
1년 이상의 경험이 있는 분 SQL Python으로 Kaggle 또는 데이터 업무 진행 경험이 있는 분 프로그래밍 언어에 익숙하신 분 머신러닝 컨셉에 대한 심도깊은 이해력을 가지신 분 실제 API 서비스를 배포하고 운영해 본 경험이 있는 분 데이터 분석 결과에서 얻은 인사이트로 액션을 주도적으로 제안할 수 있는 분 프로젝트를 주도적으로 해결해 본 분,"이상, 경험, 분, 데이터, 업무, 진행, 경험, 분, 프로그래밍, 언어, 분, 머신, 러닝, 컨셉, 대한, 이해력, 분, 실제, 서비스, 배포, 운영, 경험, 분, 데이터, 분석, 결과, 인사이트, 액션, 주도, 제안, 수, 분, 프로젝트, 주도, 해결, 분","sql, python, kaggle, api",데이터 엔지니어
웹 프레임워크 e g Flask Django 를 능숙하게 다루시는 분 Cloud hosting service e g AWS 를 능숙하게 다르시는 분 프로덕션 환경에서 웹 서버를 구축하고 운영해보신 분,"웹, 프레임워크, 를, 분, 를, 분, 프로덕션, 환경, 웹, 서버, 구축, 운영, 분","e, g, flask, django, cloud, hosting, service, e, g, aws",데이터 엔지니어
따라서 아래 기준에 잘 맞는 분을 찾습니다 RDB or NoSQL 데이터베이스에 대한 경험이 있으신 분 프로덕션 환경에서 파이썬 Python 프로그래밍 및 스크립팅 개발 경험이 있으신 분 웹 프레임워크 e g Flask Django 의 기본적인 지식 혹은 사용한 경험이 있으신 분,"따라서, 아래, 기준, 분, 데이터베이스, 대한, 경험, 분, 프로덕션, 환경, 파이썬, 프로그래밍, 및, 스크립팅, 개발, 경험, 분, 웹, 프레임워크, 의, 기본, 지식, 사용, 경험, 분","rdb, or, nosql, python, e, g, flask, django",데이터 엔지니어
Python 개발 경험 영상 이미지 데이터 레이블링 경험 다양한 데이터 형식 Format 에 대하여 능통하게 다룰 수 있는 분 의사소통이 원활하고 긍정적인 분 맡은 일에 책임감을 가지고 성실하신 분,"개발, 경험, 영상, 이미지, 데이터, 레이블, 링, 경험, 데이터, 형식, 대하, 수, 분, 의사소통, 긍정, 분, 일, 책임감, 가지, 분","python, format",데이터 엔지니어
데이터 파이프라인 개발 및 운영 경력 3년 이상 경험자 Kafka Spark 스트림 처리 프로세싱 및 운영 경험자 Hadoop Eco System 운영 경험자 Python SQL 등 언어 활용 능력이 있으신 분,"데이터, 파이프라인, 개발, 및, 운영, 경력, 이상, 경험, 스트림, 처리, 프로세싱, 및, 운영, 경험, 운영, 경험, 등, 언어, 활용, 능력, 분","kafka, spark, hadoop, eco, system, python, sql",데이터 엔지니어
linux 기반 환경에서 개발 가능하신 분 영문 기술문서 이해 가능하신 분 경험하지 못한 language framework platform etc 에 대한 접근의지 및 능력을 보유하신 분,"기반, 환경, 개발, 분, 영문, 기술, 문서, 이해, 분, 경험, 못, 대한, 접근, 의지, 및, 능력, 보유, 분","linux, language, framework, platform, etc",데이터 엔지니어
Data flow Architecture 설계가 가능하신 분 ETL 파이프라인 구축 경험이 있으신 분 SQL Query 작성 및 Index 최적화가 가능하신 분 Stored Procedure in SQL Server 작성이 가능하신 분 PM업무 수행이 가능하신 분,"설계, 분, 파이프라인, 구축, 경험, 분, 작성, 및, 최적화, 분, 작성, 분, 업무, 수행, 분","data, flow, architecture, etl, sql, query, index, stored, procedure, in, sql, server, pm",데이터 엔지니어
데이터 엔지니어 관련 실무 경력 7년 이상 또는 그에 준하는 역량 데이터 파이프라인 설계 구축 운영 경험 분산 처리 시스템을 사용하여 대용량 데이터를 처리한 업무 경험 온체인 데이터 엔지니어링 실무 경험자 우대,"데이터, 엔지니어, 관련, 실무, 경력, 이상, 그, 준, 역량, 데이터, 파이프라인, 설계, 구축, 운영, 경험, 분산, 처리, 시스템, 사용, 용량, 데이터, 처리, 업무, 경험, 체인, 데이터, 엔지니어링, 실무, 경험, 우대",,데이터 엔지니어
컴퓨터 공학 데이터 과학 관련 전공자 혹은 그에 해당하는 경험이 있으신 분 Python 프로그래밍 능숙 하신 분 빅데이터 플랫폼 관련 인프라 개발 운영 경험,"컴퓨터, 공학, 데이터, 과학, 관련, 전공자, 그, 해당, 경험, 분, 프로그래밍, 능숙, 분, 빅데이터, 플랫폼, 관련, 인프라, 개발, 운영, 경험",python,데이터 엔지니어
유관경력 4년 이상 Python을 이용한 데이터 처리 및 분석 경험 보유 SQL을 이용한 데이터 처리 및 분석 경험 보유,"유관, 경력, 이상, 이용, 데이터, 처리, 및, 분석, 경험, 보유, 이용, 데이터, 처리, 및, 분석, 경험, 보유","python, sql",데이터 엔지니어
학력 및 경력 사항 4년제 대학교 이상 학위를 보유하신 분 통계학 컴퓨터 공학 산업공학 등 유관전공 4년 이상 데이터 엔지니어 경력 혹은 이에 준하는 역량을 보유하신 분,"학력, 및, 경력, 사항, 대학교, 이상, 학위, 보유, 분, 통계학, 컴퓨터, 공학, 산업, 공학, 등, 유관, 전공, 이상, 데이터, 엔지니어, 경력, 이, 준, 역량, 보유, 분",,데이터 엔지니어
Java 혹은 Python 개발 경험자 빅데이터 클러스터 구축 및 운영을 해보신 분 Hadoop Eco System을 사용하셨던 분 책임감을 가지고 업무를 수행하시는 분,"개발, 경험, 빅데이터, 클러스터, 구축, 및, 운영, 분, 사용, 분, 책임감, 가지, 업무, 수행, 분","java, python, hadoop, eco, system",데이터 엔지니어
전문학사 이상이신 분 웹 개발 기술을 보유하신 분 단독으로 웹 서비스 Back Front DB Deploy 포함 구축 및 배포가 가능하신 분 5년 이상의 경력이 있으신 분 대학원 포함 github bitbucket 등 개인 repository 포트폴리오 제출 필수,"문학사, 이상, 분, 웹, 개발, 기술, 보유, 분, 단독, 웹, 서비스, 포함, 구축, 및, 배포, 분, 이상, 경력, 분, 대학원, 포함, 등, 개인, 포트폴리오, 제출, 필수","back, front, db, deploy, github, bitbucket, repository",데이터 엔지니어
경력 10년 미만 컴퓨터공학 통계학 경영학 경영정보학 산업공학 등 관련학과 전공자 데이터분석도구 R SAS Python SAP등 을 이용한 Data Analysis Process 수행 가능자 데이터 추출 핸들링 EDA Statistical Analysis Data Mining Report Deployment 등 일련의 분석 모델 개발 프로젝트 수행 Query 작성을 통해 필요 데이터에 대한 다양한 Manipulation 데이터 전처리 분석 마트 구축 등 이 가능한 자,"경력, 미만, 컴퓨터공학, 통계학, 경영학, 경영정보학, 산업, 공학, 등, 관련, 학과, 전공자, 데이터, 분석, 도구, 등, 이용, 수행, 가능, 데이터, 추출, 핸들링, 등, 일련, 분석, 모델, 개발, 프로젝트, 수행, 작성, 통해, 필요, 데이터, 대한, 데이터, 처리, 분석, 마트, 구축, 등, 이, 자","r, sas, python, sap, data, analysis, process, eda, statistical, analysis, data, mining, report, deployment, query, manipulation",데이터 엔지니어
신입 컴퓨터공학 통계학 경영학 경영정보학 산업공학 등 관련학과 전공자 데이터분석도구 R SAS Python SAP등 을 이용한 Data Analysis Process 수행 가능자 데이터 추출 핸들링 EDA Statistical Analysis Data Mining Report Deployment 등 일련의 분석 모델 개발 프로젝트 수행 Query 작성을 통해 필요 데이터에 대한 다양한 Manipulation 데이터 전처리 분석 마트 구축 등 이 가능한 자,"신입, 컴퓨터공학, 통계학, 경영학, 경영정보학, 산업, 공학, 등, 관련, 학과, 전공자, 데이터, 분석, 도구, 등, 이용, 수행, 가능, 데이터, 추출, 핸들링, 등, 일련, 분석, 모델, 개발, 프로젝트, 수행, 작성, 통해, 필요, 데이터, 대한, 데이터, 처리, 분석, 마트, 구축, 등, 이, 자","r, sas, python, sap, data, analysis, process, eda, statistical, analysis, data, mining, report, deployment, query, manipulation",데이터 엔지니어
1 3년차 데이터 엔지니어링 경험 이나 컴퓨터공학 관련 학사 혹은 그에 준하는 실력 이 있으신 분이면 좋아요 파이썬으로 웹 스크래핑을 해보신 분이면 좋아요 데이터 엔지니어링 관련 팀 프로젝트를 해보신 분이면 좋아요 다양한 기술을 사용하여 개발을 진행보신 분이면 좋아요,"데이터, 엔지니어링, 경험, 이나, 컴퓨터공학, 관련, 학사, 그, 준, 실력, 이, 파이썬, 웹, 스크래핑, 데이터, 엔지니어링, 관련, 팀, 프로젝트, 기술, 사용, 개발, 진행, 보신",,데이터 엔지니어
건축 또는 디자인 데이터관리 엑셀,"건축, 디자인, 데이터, 관리, 엑셀",,데이터 엔지니어
리눅스 엔지니어 중급이상,"리눅스, 엔지니어, 중, 이상",,데이터 엔지니어
DW BI 분야 경력 5년 이상이신 분 JVM 언어 Java Scala 혹은 Python 개발 경험이 있으신 분 클라우드 플랫폼 GCP AWS 기반 데이터 엔지니어링 경험이 있으신 분,"분야, 경력, 이상, 분, 언어, 개발, 경험, 분, 클라우드, 플랫폼, 기반, 데이터, 엔지니어링, 경험, 분","dw, bi, jvm, java, scala, python, gcp, aws",데이터 엔지니어
클라우드 환경에서 데이터 레이크하우스 개발 및 운영이 가능한 분 배치 또는 준실시간 데이터 처리를 해보신 분,"클라우드, 환경, 데이터, 레이크, 하우스, 개발, 및, 운영, 분, 배치, 준, 실시간, 데이터, 처리, 분",,데이터 엔지니어
경력 3년 이상 Python을 통해 Airflow를 구축할 수 있는 분 새로운 기술에 빠르게 익숙해질 수 있는 분 데이터베이스에 대한 기본 지식이 있는 분 데이터 개선을 위해 끈기 있게 업무에 임해주실 수 있는 분,"경력, 이상, 통해, 를, 구축, 수, 분, 기술, 수, 분, 데이터베이스, 대한, 기본, 지식, 분, 데이터, 개선, 위해, 끈기, 업무, 임, 수, 분","python, airflow",데이터 엔지니어
웹스퀘어 기반 사이트 스크래핑 업무 경험 홈택스 등 데이터 엔지니어링 관련 경력 3년 이상 혹은 그에 준하는 역량을 보유하신 분 Python Node js 등 하나 이상의 언어에 능숙하신 분 팀 워크 및 유관 부서와 협업 커뮤니케이션이 원할하신 분 코드의 가독성과 동료 리뷰의 중요성을 체감하고 계신 분,"웹, 스퀘어, 기반, 사이트, 스크, 래핑, 업무, 경험, 홈택스, 등, 데이터, 엔지니어링, 관련, 경력, 이상, 그, 준, 역량, 보유, 분, 등, 하나, 이상, 언어, 분, 팀, 워, 및, 유관, 부서, 협업, 커뮤니케이션, 분, 코드, 가독성, 동료, 리뷰, 중요성, 체감, 분","python, node, js",데이터 엔지니어
데이터 엔지니어 및 개발자 경력 5년 이상 시니어 클라우드 및 오픈소스 기반 데이터 아키텍처 설계 및 개선 경험이 있으신 분 RDB MySQL NoSQL MongoDB Kafka 등 클라우드 기반 데이터베이스 및 플랫폼 운영 경험이 있으신 분 Python Java Scala 중 한가지 언어로 데이터 처리 경험이 있으신 분 클라우드 환경에서 DataWarehouse 및 DataLake 설계 및 구축 경험이 있으신 분 비즈니스 담당자와 원활한 커뮤니케이션이 가능하신 분,"데이터, 엔지니어, 및, 개발자, 경력, 이상, 시니어, 클라우드, 및, 오픈소스, 기반, 데이터, 아키텍처, 설계, 및, 개선, 경험, 분, 등, 클라우드, 기반, 데이터베이스, 및, 플랫폼, 운영, 경험, 분, 중, 한가지, 언어, 데이터, 처리, 경험, 분, 클라우드, 환경, 및, 설계, 및, 구축, 경험, 분, 비즈니스, 담당자, 커뮤니케이션, 분","rdb, mysql, nosql, mongodb, kafka, python, java, scala, datawarehouse, datalake",데이터 엔지니어
DW 혹은 Data Lake 논리 물리적 설계 능력 보유 ELT 스트리밍 파이프라인 개발 경험 보유 데이터베이스 기본 쿼리 작성 능력 보유 프로그래밍 언어 기초 능력 보유,"논리, 물리, 설계, 능력, 보유, 스트리밍, 파이프라인, 개발, 경험, 보유, 데이터베이스, 기본, 쿼리, 작성, 능력, 보유, 프로그래밍, 언어, 기초, 능력, 보유","dw, data, lake, elt",데이터 엔지니어
데이터 파이프라인 구축 등 데이터 엔지니어링에 경험 Python Java Scala 중 한 가지 언어로 데이터 수집 혹은 처리 경험 요구사항에 맞는 SQL 작성 및 활용이 가능하신 분 상황에 따른 적절한 협업이 가능하신 분 문제를 해결하는 과정을 즐기고 문제 해결 능력이 뛰어나신 분,"데이터, 파이프라인, 구축, 등, 데이터, 엔지니어링, 경험, 중, 가지, 언어, 데이터, 수집, 처리, 경험, 요구사항, 작성, 및, 활용, 분, 상황, 협업, 분, 문제, 해결, 과정, 문제, 해결, 능력, 분","python, java, scala, sql",데이터 엔지니어
데이터 처리 플랫폼 개발 경력 2년 이상 또는 그에 준하는 역량을 보유하신 분 한 가지 이상의 프로그래밍 언어에 대해 1시간 이상 설명을 할 수 있으신 분 자신이 사용한 기술과 라이브러리 프레임워크의 동작 원리를 이해하고 계신 분 내가 제안한 설계와 내가 개발한 코드에 대한 비판에도 열린 커뮤니케이션이 가능한 분 서비스와 사용자 중심의 관점과 유연한 커뮤니케이션 역량을 보유하신 분,"데이터, 처리, 플랫폼, 개발, 경력, 이상, 그, 준, 역량, 보유, 분, 가지, 이상, 프로그래밍, 언어, 대해, 이상, 설명, 수, 분, 자신, 사용, 기술, 라이브러리, 프레임워크, 동작, 원리, 이해, 분, 내, 제안, 설계, 내, 개발, 코드, 대한, 비판, 커뮤니케이션, 분, 서비스, 사용자, 중심, 관점, 커뮤니케이션, 역량, 보유, 분",,데이터 엔지니어
DB 정규화 DB INDEX 트랜잭션에 대한 이해도가 있으신 분 쿼리 작성 가능하신 분 테이블 조인 및 서브 쿼리 작성 가능 NoSQL에 대한 이해도가 있으시며 활용 경험 있으신 분 파이썬으로 가능하신 분 Jupyter notebook Pandas Numpy Scipy 라이브러리 등 활용 데이터 전처리 작업 경험 있으신 분,"정규화, 트랜잭션, 대한, 이해도, 분, 쿼리, 작성, 분, 테이블, 조인, 및, 서브, 쿼리, 작성, 가능, 대한, 이해도, 활용, 경험, 분, 파이썬, 분, 라이브러리, 등, 활용, 데이터, 처리, 작업, 경험, 분","db, db, index, nosql, jupyter, notebook, pandas, numpy, scipy",데이터 엔지니어
해당 경력 3년차 이상 또는 이에 상응하는 업무 능력 보유 데이터베이스 지식 및 통계 작성 SQL 가능 Data Pipeline 구축 또는 운영 경험 Airflow와 같은 Workflow Tool 운영 경험자 Django FastAPI와 같은 Python 기반의 웹 프레임워크 개발 경험자 1차면접전 과제진행 결과에 따라 이후 절차 진행 예정,"해당, 경력, 이상, 이, 상응, 업무, 능력, 보유, 데이터베이스, 지식, 및, 통계, 작성, 가능, 구축, 운영, 경험, 운영, 경험, 기반, 웹, 프레임워크, 개발, 경험, 접전, 과제, 진행, 결과, 이후, 절차, 진행, 예정","sql, data, pipeline, airflow, workflow, tool, django, fastapi, python",데이터 엔지니어
이런 분이 우리 크루였으면 좋겠어요 빅데이터 엔지니어링 관련 개발 경력이 5년 이상이거나 대규모 데이터 파이프라인 운영 경험이 있으신 분을 원해요 Kafka Spark Hadoop 등 대용량 데이터 처리 기술에 대한 이해와 활용 경험이 있으신 분이 필요해요 Python Java Scala 중 하나 이상의 프로그래밍 언어에 능숙하신 분이 필요해요 데이터 플랫폼을 구축하여 비즈니스 문제를 해결해 보신 분을 원해요,"분, 우리, 크루, 빅데이터, 엔지니어링, 관련, 개발, 경력, 이상, 거나, 대규모, 데이터, 파이프라인, 운영, 경험, 분, 등, 용량, 데이터, 처리, 기술, 대한, 이해, 활용, 경험, 분, 중, 하나, 이상, 프로그래밍, 언어, 분, 데이터, 플랫폼, 구축, 비즈니스, 문제, 해결, 보신, 분","kafka, spark, hadoop, python, java, scala",데이터 엔지니어
컴퓨터 공학적 지식에 익숙하신 분 Hadoop Spark 와 같은 분산 처리 시스템에 대한 경험이 있는 분 클라우드 서비스 AWS GCP Azure 에 대한 경험이 있는 분 통계적 분석에 대한 경험이 있는 분 SQL Python JVM 환경에 익숙하신 분,"컴퓨터, 학적, 지식, 분, 분산, 처리, 시스템, 대한, 경험, 분, 클라우드, 서비스, 대한, 경험, 분, 통계, 분석, 대한, 경험, 분, 환경, 분","hadoop, spark, aws, gcp, azure, sql, python, jvm",데이터 엔지니어
컴퓨터 관련학과 학사 이상 Java 또는 Python을 이용한 Back end 시스템 개발 경험 SQL 언어 경험 HDFS와 같은 분산파일시스템과 Nosql의 이해,"컴퓨터, 관련, 학과, 학사, 이상, 이용, 시스템, 개발, 경험, 언어, 경험, 분산, 파일, 시스템, 의, 이해","java, python, back, end, sql, hdfs, nosql",데이터 엔지니어
1년 이상 응용 프로그램 구축 및 관리 WEB WAS DBMS Container 보안 시스템 구축 및 관리 Firewall WAF VPN UTM 등,"이상, 응용, 프로그램, 구축, 및, 관리, 보안, 시스템, 구축, 및, 관리, 등","web, was, dbms, container, firewall, waf, vpn, utm",데이터 엔지니어
